Workbook

Sheet LAA & MILP
A1: case | B1: seed | C1: nV | D1: uvl | E1: fsd | F1: N | G1: dc | H1: charging_speed | I1: dwl | J1: ad | K1: OBJ_LB | L1: OBJ_LAA | M1: OBJ_MILP | N1: CPU_time_LAA | O1: CPU_time_MILP | P1: RD_LAA_to_LB(%) | Q1: RD_LAA_to_MILP(%)
A2: 0 | B2: 1 | C2: 25 | D2: 0.005 | E2: 1 | F2: 1 | G2: 3 | H2: 0.0333 | I2: 30 | J2: 50 | K2: =LAA!O2 -> 42.455 | L2: =LAA!K2 -> 42.455 | M2: =MILP!K2 -> 42.455 | N2: =LAA!P2 -> 0.0038464069 | O2: =MILP!L2 -> 0.0091 | P2: =(L2-K2)/K2 -> 0 | Q2: =(L2-M2)/M2 -> 0
A3: 1 | B3: 1 | C3: 25 | D3: 0.005 | E3: 1 | F3: 2 | G3: 3 | H3: 0.0333 | I3: 30 | J3: 50 | K3: =LAA!O3 -> 40.6215 | L3: =LAA!K3 -> 40.8475 | M3: =MILP!K3 -> 40.838 | N3: =LAA!P3 -> 0.13871861 | O3: =MILP!L3 -> 0.0754 | P3: =(L3-K3)/K3 -> 0.0055635562 | Q3: =(L3-M3)/M3 -> 0.00023262648
A4: 2 | B4: 1 | C4: 25 | D4: 0.005 | E4: 1 | F4: 3 | G4: 3 | H4: 0.0333 | I4: 30 | J4: 50 | K4: =LAA!O4 -> 40.2885 | L4: =LAA!K4 -> 40.469 | M4: =MILP!K4 -> 40.4995 | N4: =LAA!P4 -> 0.20905256 | O4: =MILP!L4 -> 0.0972 | P4: =(L4-K4)/K4 -> 0.0044801867 | Q4: =(L4-M4)/M4 -> -0.00075309572
A5: 3 | B5: 1 | C5: 25 | D5: 0.005 | E5: 1 | F5: 4 | G5: 3 | H5: 0.0333 | I5: 30 | J5: 50 | K5: =LAA!O5 -> 40.153 | L5: =LAA!K5 -> 40.199 | M5: =MILP!K5 -> 40.26 | N5: =LAA!P5 -> 0.16676259 | O5: =MILP!L5 -> 0.0791 | P5: =(L5-K5)/K5 -> 0.001145618 | Q5: =(L5-M5)/M5 -> -0.0015151515
A6: 4 | B6: 1 | C6: 25 | D6: 0.005 | E6: 1 | F6: 5 | G6: 3 | H6: 0.0333 | I6: 30 | J6: 50 | K6: =LAA!O6 -> 40.153 | L6: =LAA!K6 -> 40.199 | M6: =MILP!K6 -> 40.26 | N6: =LAA!P6 -> 0.10449004 | O6: =MILP!L6 -> 0.0822 | P6: =(L6-K6)/K6 -> 0.001145618 | Q6: =(L6-M6)/M6 -> -0.0015151515
A7: 5 | B7: 1 | C7: 25 | D7: 0.005 | E7: 1 | F7: 6 | G7: 3 | H7: 0.0333 | I7: 30 | J7: 50 | K7: =LAA!O7 -> 40.153 | L7: =LAA!K7 -> 40.199 | M7: =MILP!K7 -> 40.26 | N7: =LAA!P7 -> 0.24077296 | O7: =MILP!L7 -> 0.0827 | P7: =(L7-K7)/K7 -> 0.001145618 | Q7: =(L7-M7)/M7 -> -0.0015151515
A8: 6 | B8: 1 | C8: 25 | D8: 0.005 | E8: 1 | F8: 7 | G8: 3 | H8: 0.0333 | I8: 30 | J8: 50 | K8: =LAA!O8 -> 40.153 | L8: =LAA!K8 -> 40.199 | M8: =MILP!K8 -> 40.26 | N8: =LAA!P8 -> 0.17099285 | O8: =MILP!L8 -> 0.0828 | P8: =(L8-K8)/K8 -> 0.001145618 | Q8: =(L8-M8)/M8 -> -0.0015151515
A9: 7 | B9: 1 | C9: 25 | D9: 0.005 | E9: 1 | F9: 8 | G9: 3 | H9: 0.0333 | I9: 30 | J9: 50 | K9: =LAA!O9 -> 40.153 | L9: =LAA!K9 -> 40.199 | M9: =MILP!K9 -> 40.26 | N9: =LAA!P9 -> 0.18987894 | O9: =MILP!L9 -> 0.0821 | P9: =(L9-K9)/K9 -> 0.001145618 | Q9: =(L9-M9)/M9 -> -0.0015151515
A10: 8 | B10: 1 | C10: 25 | D10: 0.005 | E10: 1 | F10: 9 | G10: 3 | H10: 0.0333 | I10: 30 | J10: 50 | K10: =LAA!O10 -> 40.153 | L10: =LAA!K10 -> 40.199 | M10: =MILP!K10 -> 40.26 | N10: =LAA!P10 -> 0.11633158 | O10: =MILP!L10 -> 0.0824 | P10: =(L10-K10)/K10 -> 0.001145618 | Q10: =(L10-M10)/M10 -> -0.0015151515
A11: 9 | B11: 1 | C11: 25 | D11: 0.005 | E11: 1 | F11: 10 | G11: 3 | H11: 0.0333 | I11: 30 | J11: 50 | K11: =LAA!O11 -> 40.153 | L11: =LAA!K11 -> 40.199 | M11: =MILP!K11 -> 40.26 | N11: =LAA!P11 -> 0.23114824 | O11: =MILP!L11 -> 0.0824 | P11: =(L11-K11)/K11 -> 0.001145618 | Q11: =(L11-M11)/M11 -> -0.0015151515
A12: 10 | B12: 1 | C12: 25 | D12: 0.005 | E12: 1 | F12: 10 | G12: 3 | H12: 0.0333 | I12: 30 | J12: 40 | K12: =LAA!O12 -> 40.153 | L12: =LAA!K12 -> 40.2215 | M12: =MILP!K12 -> 40.179 | N12: =LAA!P12 -> 0.20057607 | O12: =MILP!L12 -> 0.0804 | P12: =(L12-K12)/K12 -> 0.0017059746 | Q12: =(L12-M12)/M12 -> 0.0010577665
A13: 11 | B13: 1 | C13: 25 | D13: 0.005 | E13: 1 | F13: 10 | G13: 3 | H13: 0.0333 | I13: 30 | J13: 30 | K13: =LAA!O13 -> 40.164 | L13: =LAA!K13 -> 40.2245 | M13: =MILP!K13 -> 40.2095 | N13: =LAA!P13 -> 0.40441895 | O13: =MILP!L13 -> 0.2437 | P13: =(L13-K13)/K13 -> 0.0015063241 | Q13: =(L13-M13)/M13 -> 0.00037304617
... A242: 240 | B242: 3 | C242: 100 | D242: 0.005 | E242: 1 | F242: 10 | G242: 3 | H242: 0.0333 | I242: 30 | J242: 20 | K242: =LAA!O242 -> 158.4305 | L242: =LAA!K242 -> 160.33 | M242: =MILP!K242 -> 167.026 | N242: =LAA!P242 -> 5.6816952 | O242: =MILP!L242 -> 3600.197 | P242: =(L242-K242)/K242 -> 0.011989484 | Q242: =(L242-M242)/M242 -> -0.040089567
A243: 241 | B243: 3 | C243: 100 | D243: 0.005 | E243: 1 | F243: 10 | G243: 3 | H243: 0.0333 | I243: 30 | J243: 10 | K243: =LAA!O243 -> 158.3905 | L243: =LAA!K243 -> 160.4125 | N243: =LAA!P243 -> 25.892228 | P243: =(L243-K243)/K243 -> 0.012765917
A244: 242 | B244: 3 | C244: 100 | D244: 0.005 | E244: 1 | F244: 10 | G244: 2 | H244: 0.0333 | I244: 30 | J244: 50 | K244: =LAA!O244 -> 158.542 | L244: =LAA!K244 -> 160.073 | M244: =MILP!K244 -> 159.6425 | N244: =LAA!P244 -> 1.3077416 | P244: =(L244-K244)/K244 -> 0.0096567471 | Q244: =(L244-M244)/M244 -> 0.0026966505
A245: 243 | B245: 3 | C245: 100 | D245: 0.005 | E245: 1 | F245: 10 | G245: 1 | H245: 0.0333 | I245: 30 | J245: 50 | K245: =LAA!O245 -> 158.3055 | L245: =LAA!K245 -> 159.7625 | M245: =MILP!K245 -> 159.13 | N245: =LAA!P245 -> 0.94654751 | P245: =(L245-K245)/K245 -> 0.0092037232 | Q245: =(L245-M245)/M245 -> 0.0039747378
A246: 244 | B246: 3 | C246: 100 | D246: 0.005 | E246: 1 | F246: 10 | G246: 3 | H246: 0.0333 | I246: 60 | J246: 50 | K246: =LAA!O246 -> 157.5135 | L246: =LAA!K246 -> 157.8805 | M246: =MILP!K246 -> 158.652 | N246: =LAA!P246 -> 0.559062 | P246: =(L246-K246)/K246 -> 0.002329959 | Q246: =(L246-M246)/M246 -> -0.0048628445
A247: 245 | B247: 3 | C247: 100 | D247: 0.005 | E247: 1 | F247: 10 | G247: 3 | H247: 0.0333 | I247: 90 | J247: 50 | K247: =LAA!O247 -> 157.4195 | L247: =LAA!K247 -> 157.567 | M247: =MILP!K247 -> 157.9745 | N247: =LAA!P247 -> 0.43020082 | P247: =(L247-K247)/K247 -> 0.00093698684 | Q247: =(L247-M247)/M247 -> -0.0025795302
A248: 246 | B248: 3 | C248: 100 | D248: 0.005 | E248: 1 | F248: 10 | G248: 3 | H248: 0.0333 | I248: 120 | J248: 50 | K248: =LAA!O248 -> 157.275 | L248: =LAA!K248 -> 157.432 | M248: =MILP!K248 -> 157.772 | N248: =LAA!P248 -> 0.42901206 | P248: =(L248-K248)/K248 -> 0.00099825147 | Q248: =(L248-M248)/M248 -> -0.0021550085
A249: 247 | B249: 4 | C249: 100 | D249: 0.005 | E249: 1 | F249: 1 | G249: 3 | H249: 0.0333 | I249: 30 | J249: 50 | K249: =LAA!O249 -> 165.525 | L249: =LAA!K249 -> 165.525 | M249: =MILP!K249 -> 165.525 | N249: =LAA!P249 -> 0.015669823 | P249: =(L249-K249)/K249 -> 0 | Q249: =(L249-M249)/M249 -> -6.0097256e-15
A250: 248 | B250: 4 | C250: 100 | D250: 0.005 | E250: 1 | F250: 2 | G250: 3 | H250: 0.0333 | I250: 30 | J250: 50 | K250: =LAA!O250 -> 157.2855 | L250: =LAA!K250 -> 157.435 | M250: =MILP!K250 -> 157.4305 | N250: =LAA!P250 -> 0.37368703 | P250: =(L250-K250)/K250 -> 0.00095050084 | Q250: =(L250-M250)/M250 -> 2.8587489e-05
A251: 249 | B251: 4 | C251: 100 | D251: 0.005 | E251: 1 | F251: 3 | G251: 3 | H251: 0.0333 | I251: 30 | J251: 50 | K251: =LAA!O251 -> 154.658 | L251: =LAA!K251 -> 155.001 | M251: =MILP!K251 -> 154.79 | N251: =LAA!P251 -> 0.52111626 | P251: =(L251-K251)/K251 -> 0.0022177967 | Q251: =(L251-M251)/M251 -> 0.0013631373
A252: 250 | B252: 4 | C252: 100 | D252: 0.005 | E252: 1 | F252: 4 | G252: 3 | H252: 0.0333 | I252: 30 | J252: 50 | K252: =LAA!O252 -> 153.31 | L252: =LAA!K252 -> 153.9105 | M252: =MILP!K252 -> 153.933 | N252: =LAA!P252 -> 0.63662243 | P252: =(L252-K252)/K252 -> 0.0039169004 | Q252: =(L252-M252)/M252 -> -0.00014616749
A253: 251 | B253: 4 | C253: 100 | D253: 0.005 | E253: 1 | F253: 5 | G253: 3 | H253: 0.0333 | I253: 30 | J253: 50 | K253: =LAA!O253 -> 152.591 | L253: =LAA!K253 -> 153.218 | M253: =MILP!K253 -> 153.3225 | N253: =LAA!P253 -> 0.73692012 | P253: =(L253-K253)/K253 -> 0.0041090235 | Q253: =(L253-M253)/M253 -> -0.0006815696
A254: 252 | B254: 4 | C254: 100 | D254: 0.005 | E254: 1 | F254: 6 | G254: 3 | H254: 0.0333 | I254: 30 | J254: 50 | K254: =LAA!O254 -> 152.152 | L254: =LAA!K254 -> 152.8475 | M254: =MILP!K254 -> 152.7625 | N254: =LAA!P254 -> 0.74789047 | P254: =(L254-K254)/K254 -> 0.0045710868 | Q254: =(L254-M254)/M254 -> 0.00055641937
A255: 253 | B255: 4 | C255: 100 | D255: 0.005 | E255: 1 | F255: 7 | G255: 3 | H255: 0.0333 | I255: 30 | J255: 50 | K255: =LAA!O255 -> 151.873 | L255: =LAA!K255 -> 152.7585 | M255: =MILP!K255 -> 152.8195 | N255: =LAA!P255 -> 0.77728438 | P255: =(L255-K255)/K255 -> 0.0058305295 | Q255: =(L255-M255)/M255 -> -0.00039916372
... A261: 259 | B261: 4 | C261: 100 | D261: 0.005 | E261: 1 | F261: 10 | G261: 3 | H261: 0.0333 | I261: 30 | J261: 20 | K261: =LAA!O261 -> 151.5565 | L261: =LAA!K261 -> 153.275 | M261: =MILP!K261 -> 161.57 | N261: =LAA!P261 -> 4.8714008 | P261: =(L261-K261)/K261 -> 0.011339006 | Q261: =(L261-M261)/M261 -> -0.051339976
A262: 260 | B262: 4 | C262: 100 | D262: 0.005 | E262: 1 | F262: 10 | G262: 3 | H262: 0.0333 | I262: 30 | J262: 10 | K262: =LAA!O262 -> 151.507 | L262: =LAA!K262 -> 153.4545 | N262: =LAA!P262 -> 19.978861 | P262: =(L262-K262)/K262 -> 0.012854192
A263: 261 | B263: 4 | C263: 100 | D263: 0.005 | E263: 1 | F263: 10 | G263: 2 | H263: 0.0333 | I263: 30 | J263: 50 | K263: =LAA!O263 -> 151.57 | L263: =LAA!K263 -> 152.823 | M263: =MILP!K263 -> 152.274 | N263: =LAA!P263 -> 1.0448546 | P263: =(L263-K263)/K263 -> 0.0082668074 | Q263: =(L263-M263)/M263 -> 0.003605343
A264: 262 | B264: 4 | C264: 100 | D264: 0.005 | E264: 1 | F264: 10 | G264: 1 | H264: 0.0333 | I264: 30 | J264: 50 | K264: =LAA!O264 -> 151.502 | L264: =LAA!K264 -> 152.945 | M264: =MILP!K264 -> 152.322 | N264: =LAA!P264 -> 0.9380188 | P264: =(L264-K264)/K264 -> 0.0095246267 | Q264: =(L264-M264)/M264 -> 0.0040900198
A265: 263 | B265: 4 | C265: 100 | D265: 0.005 | E265: 1 | F265: 10 | G265: 3 | H265: 0.0333 | I265: 60 | J265: 50 | K265: =LAA!O265 -> 150.802 | L265: =LAA!K265 -> 151.244 | M265: =MILP!K265 -> 151.7705 | N265: =LAA!P265 -> 0.47201705 | P265: =(L265-K265)/K265 -> 0.0029309956 | Q265: =(L265-M265)/M265 -> -0.0034690536
A266: 264 | B266: 4 | C266: 100 | D266: 0.005 | E266: 1 | F266: 10 | G266: 3 | H266: 0.0333 | I266: 90 | J266: 50 | K266: =LAA!O266 -> 150.7035 | L266: =LAA!K266 -> 150.835 | M266: =MILP!K266 -> 151.309 | N266: =LAA!P266 -> 0.45893288 | P266: =(L266-K266)/K266 -> 0.00087257429 | Q266: =(L266-M266)/M266 -> -0.0031326623
A267: 265 | B267: 4 | C267: 100 | D267: 0.005 | E267: 1 | F267: 10 | G267: 3 | H267: 0.0333 | I267: 120 | J267: 50 | K267: =LAA!O267 -> 150.672 | L267: =LAA!K267 -> 150.722 | M267: =MILP!K267 -> 151.095 | N267: =LAA!P267 -> 0.41672301 | P267: =(L267-K267)/K267 -> 0.00033184666 | Q267: =(L267-M267)/M267 -> -0.0024686456
A268: 266 | B268: 5 | C268: 100 | D268: 0.005 | E268: 1 | F268: 1 | G268: 3 | H268: 0.0333 | I268: 30 | J268: 50 | K268: =LAA!O268 -> 187.49 | L268: =LAA!K268 -> 187.49 | M268: =MILP!K268 -> 187.49 | N268: =LAA!P268 -> 0.01731801 | P268: =(L268-K268)/K268 -> 0 | Q268: =(L268-M268)/M268 -> 0
A269: 267 | B269: 5 | C269: 100 | D269: 0.005 | E269: 1 | F269: 2 | G269: 3 | H269: 0.0333 | I269: 30 | J269: 50 | K269: =LAA!O269 -> 178.1965 | L269: =LAA!K269 -> 178.319 | M269: =MILP!K269 -> 178.353 | N269: =LAA!P269 -> 0.57621646 | P269: =(L269-K269)/K269 -> 0.00068744336 | Q269: =(L269-M269)/M269 -> -0.00019063318
A270: 268 | B270: 5 | C270: 100 | D270: 0.005 | E270: 1 | F270: 3 | G270: 3 | H270: 0.0333 | I270: 30 | J270: 50 | K270: =LAA!O270 -> 175.2355 | L270: =LAA!K270 -> 175.4825 | M270: =MILP!K270 -> 175.594 | N270: =LAA!P270 -> 0.48157668 | P270: =(L270-K270)/K270 -> 0.0014095317 | Q270: =(L270-M270)/M270 -> -0.00063498741
A271: 269 | B271: 5 | C271: 100 | D271: 0.005 | E271: 1 | F271: 4 | G271: 3 | H271: 0.0333 | I271: 30 | J271: 50 | K271: =LAA!O271 -> 173.77 | L271: =LAA!K271 -> 174.4315 | M271: =MILP!K271 -> 174.3455 | N271: =LAA!P271 -> 0.58880019 | P271: =(L271-K271)/K271 -> 0.0038067561 | Q271: =(L271-M271)/M271 -> 0.00049327341
A272: 270 | B272: 5 | C272: 100 | D272: 0.005 | E272: 1 | F272: 5 | G272: 3 | H272: 0.0333 | I272: 30 | J272: 50 | K272: =LAA!O272 -> 172.92 | L272: =LAA!K272 -> 173.793 | M272: =MILP!K272 -> 173.7725 | N272: =LAA!P272 -> 0.63617229 | P272: =(L272-K272)/K272 -> 0.0050485774 | Q272: =(L272-M272)/M272 -> 0.00011797091
A273: 271 | B273: 5 | C273: 100 | D273: 0.005 | E273: 1 | F273: 6 | G273: 3 | H273: 0.0333 | I273: 30 | J273: 50 | K273: =LAA!O273 -> 172.4135 | L273: =LAA!K273 -> 173.51 | M273: =MILP!K273 -> 173.443 | N273: =LAA!P273 -> 0.73618245 | P273: =(L273-K273)/K273 -> 0.0063597108 | Q273: =(L273-M273)/M273 -> 0.00038629406
A274: 272 | B274: 5 | C274: 100 | D274: 0.005 | E274: 1 | F274: 7 | G274: 3 | H274: 0.0333 | I274: 30 | J274: 50 | K274: =LAA!O274 -> 172.182 | L274: =LAA!K274 -> 173.2985 | M274: =MILP!K274 -> 172.903 | N274: =LAA!P274 -> 0.79926133 | P274: =(L274-K274)/K274 -> 0.0064844177 | Q274: =(L274-M274)/M274 -> 0.0022874098
... A280: 278 | B280: 5 | C280: 100 | D280: 0.005 | E280: 1 | F280: 10 | G280: 3 | H280: 0.0333 | I280: 30 | J280: 20 | K280: =LAA!O280 -> 171.716 | L280: =LAA!K280 -> 173.638 | M280: =MILP!K280 -> 179.9985 | N280: =LAA!P280 -> 5.4531372 | P280: =(L280-K280)/K280 -> 0.0111929 | Q280: =(L280-M280)/M280 -> -0.035336406
A281: 279 | B281: 5 | C281: 100 | D281: 0.005 | E281: 1 | F281: 10 | G281: 3 | H281: 0.0333 | I281: 30 | J281: 10 | K281: =LAA!O281 -> 171.656 | L281: =LAA!K281 -> 173.555 | N281: =LAA!P281 -> 24.747818 | P281: =(L281-K281)/K281 -> 0.011062823
A282: 280 | B282: 5 | C282: 100 | D282: 0.005 | E282: 1 | F282: 10 | G282: 2 | H282: 0.0333 | I282: 30 | J282: 50 | K282: =LAA!O282 -> 171.845 | L282: =LAA!K282 -> 173.466 | M282: =MILP!K282 -> 172.827 | N282: =LAA!P282 -> 1.2986836 | P282: =(L282-K282)/K282 -> 0.0094329192 | Q282: =(L282-M282)/M282 -> 0.003697339
A283: 281 | B283: 5 | C283: 100 | D283: 0.005 | E283: 1 | F283: 10 | G283: 1 | H283: 0.0333 | I283: 30 | J283: 50 | K283: =LAA!O283 -> 171.7145 | L283: =LAA!K283 -> 173.5325 | M283: =MILP!K283 -> 172.808 | N283: =LAA!P283 -> 0.90818501 | P283: =(L283-K283)/K283 -> 0.010587341 | Q283: =(L283-M283)/M283 -> 0.0041925142
A284: 282 | B284: 5 | C284: 100 | D284: 0.005 | E284: 1 | F284: 10 | G284: 3 | H284: 0.0333 | I284: 60 | J284: 50 | K284: =LAA!O284 -> 170.95 | L284: =LAA!K284 -> 171.378 | M284: =MILP!K284 -> 172.309 | N284: =LAA!P284 -> 0.4658761 | P284: =(L284-K284)/K284 -> 0.002503656 | Q284: =(L284-M284)/M284 -> -0.005403084
A285: 283 | B285: 5 | C285: 100 | D285: 0.005 | E285: 1 | F285: 10 | G285: 3 | H285: 0.0333 | I285: 90 | J285: 50 | K285: =LAA!O285 -> 170.7155 | L285: =LAA!K285 -> 170.993 | M285: =MILP!K285 -> 171.495 | N285: =LAA!P285 -> 0.3777554 | P285: =(L285-K285)/K285 -> 0.0016255115 | Q285: =(L285-M285)/M285 -> -0.002927199
A286: 284 | B286: 5 | C286: 100 | D286: 0.005 | E286: 1 | F286: 10 | G286: 3 | H286: 0.0333 | I286: 120 | J286: 50 | K286: =LAA!O286 -> 170.667 | L286: =LAA!K286 -> 170.7705 | M286: =MILP!K286 -> 171.1135 | N286: =LAA!P286 -> 0.47275615 | P286: =(L286-K286)/K286 -> 0.00060644413 | Q286: =(L286-M286)/M286 -> -0.0020045175
A287: 285 | B287: 1 | C287: 200 | D287: 0.005 | E287: 1 | F287: 1 | G287: 3 | H287: 0.0333 | I287: 30 | J287: 50 | K287: =LAA!O287 -> 350.655 | L287: =LAA!K287 -> 350.655 | M287: =MILP!K287 -> 350.655 | N287: =LAA!P287 -> 0.032146454 | P287: =(L287-K287)/K287 -> 0 | Q287: =(L287-M287)/M287 -> 0
A288: 286 | B288: 1 | C288: 200 | D288: 0.005 | E288: 1 | F288: 2 | G288: 3 | H288: 0.0333 | I288: 30 | J288: 50 | K288: =LAA!O288 -> 333.1645 | L288: =LAA!K288 -> 333.217 | M288: =MILP!K288 -> 333.4195 | N288: =LAA!P288 -> 1.0523744 | P288: =(L288-K288)/K288 -> 0.00015757981 | Q288: =(L288-M288)/M288 -> -0.000607343
A289: 287 | B289: 1 | C289: 200 | D289: 0.005 | E289: 1 | F289: 3 | G289: 3 | H289: 0.0333 | I289: 30 | J289: 50 | K289: =LAA!O289 -> 327.3965 | L289: =LAA!K289 -> 327.7235 | M289: =MILP!K289 -> 329.2755 | N289: =LAA!P289 -> 0.96692348 | P289: =(L289-K289)/K289 -> 0.00099878893 | Q289: =(L289-M289)/M289 -> -0.0047133783
A290: 288 | B290: 1 | C290: 200 | D290: 0.005 | E290: 1 | F290: 4 | G290: 3 | H290: 0.0333 | I290: 30 | J290: 50 | K290: =LAA!O290 -> 324.603 | L290: =LAA!K290 -> 325.347 | M290: =MILP!K290 -> 327.132 | N290: =LAA!P290 -> 1.0855122 | P290: =(L290-K290)/K290 -> 0.0022920306 | Q290: =(L290-M290)/M290 -> -0.005456513
A291: 289 | B291: 1 | C291: 200 | D291: 0.005 | E291: 1 | F291: 5 | G291: 3 | H291: 0.0333 | I291: 30 | J291: 50 | K291: =LAA!O291 -> 322.844 | L291: =LAA!K291 -> 323.8485 | M291: =MILP!K291 -> 325.8905 | N291: =LAA!P291 -> 1.3785591 | P291: =(L291-K291)/K291 -> 0.0031114098 | Q291: =(L291-M291)/M291 -> -0.0062659083
A292: 290 | B292: 1 | C292: 200 | D292: 0.005 | E292: 1 | F292: 6 | G292: 3 | H292: 0.0333 | I292: 30 | J292: 50 | K292: =LAA!O292 -> 321.7595 | L292: =LAA!K292 -> 322.6875 | M292: =MILP!K292 -> 325.975 | N292: =LAA!P292 -> 1.370676 | P292: =(L292-K292)/K292 -> 0.0028841417 | Q292: =(L292-M292)/M292 -> -0.010085129
A293: 291 | B293: 1 | C293: 200 | D293: 0.005 | E293: 1 | F293: 7 | G293: 3 | H293: 0.0333 | I293: 30 | J293: 50 | K293: =LAA!O293 -> 321.02 | L293: =LAA!K293 -> 322.3865 | M293: =MILP!K293 -> 325.5325 | N293: =LAA!P293 -> 1.5988116 | P293: =(L293-K293)/K293 -> 0.0042567441 | Q293: =(L293-M293)/M293 -> -0.0096641656
... A298: 296 | B298: 1 | C298: 200 | D298: 0.005 | E298: 1 | F298: 10 | G298: 3 | H298: 0.0333 | I298: 30 | J298: 30 | K298: =LAA!O298 -> 319.806 | L298: =LAA!K298 -> 321.84 | M298: =MILP!K298 -> 339.271 | N298: =LAA!P298 -> 5.1858058 | P298: =(L298-K298)/K298 -> 0.0063601058 | Q298: =(L298-M298)/M298 -> -0.051377807
A299: 297 | B299: 1 | C299: 200 | D299: 0.005 | E299: 1 | F299: 10 | G299: 3 | H299: 0.0333 | I299: 30 | J299: 20 | K299: =LAA!O299 -> 319.829 | L299: =LAA!K299 -> 322.7405 | N299: =LAA!P299 -> 14.128695 | P299: =(L299-K299)/K299 -> 0.0091033021
A300: 298 | B300: 1 | C300: 200 | D300: 0.005 | E300: 1 | F300: 10 | G300: 3 | H300: 0.0333 | I300: 30 | J300: 10 | K300: =LAA!O300 -> 319.7155 | L300: =LAA!K300 -> 322.5865 | N300: =LAA!P300 -> 54.354603 | P300: =(L300-K300)/K300 -> 0.0089798587
A301: 299 | B301: 1 | C301: 200 | D301: 0.005 | E301: 1 | F301: 10 | G301: 2 | H301: 0.0333 | I301: 30 | J301: 50 | K301: =LAA!O301 -> 319.8395 | L301: =LAA!K301 -> 321.908 | M301: =MILP!K301 -> 327.177 | N301: =LAA!P301 -> 2.0173829 | P301: =(L301-K301)/K301 -> 0.0064673063 | Q301: =(L301-M301)/M301 -> -0.016104433
A302: 300 | B302: 1 | C302: 200 | D302: 0.005 | E302: 1 | F302: 10 | G302: 1 | H302: 0.0333 | I302: 30 | J302: 50 | K302: =LAA!O302 -> 319.7795 | L302: =LAA!K302 -> 321.507 | M302: =MILP!K302 -> 341.6385 | N302: =LAA!P302 -> 1.976155 | P302: =(L302-K302)/K302 -> 0.0054021599 | Q302: =(L302-M302)/M302 -> -0.058926321
A303: 301 | B303: 1 | C303: 200 | D303: 0.005 | E303: 1 | F303: 10 | G303: 3 | H303: 0.0333 | I303: 60 | J303: 50 | K303: =LAA!O303 -> 319.3285 | L303: =LAA!K303 -> 319.7915 | M303: =MILP!K303 -> 324.1985 | N303: =LAA!P303 -> 1.0812974 | P303: =(L303-K303)/K303 -> 0.0014499176 | Q303: =(L303-M303)/M303 -> -0.013593524
A304: 302 | B304: 1 | C304: 200 | D304: 0.005 | E304: 1 | F304: 10 | G304: 3 | H304: 0.0333 | I304: 90 | J304: 50 | K304: =LAA!O304 -> 319.188 | L304: =LAA!K304 -> 319.3105 | M304: =MILP!K304 -> 324.8675 | N304: =LAA!P304 -> 0.93078041 | P304: =(L304-K304)/K304 -> 0.00038378636 | Q304: =(L304-M304)/M304 -> -0.017105435
A305: 303 | B305: 1 | C305: 200 | D305: 0.005 | E305: 1 | F305: 10 | G305: 3 | H305: 0.0333 | I305: 120 | J305: 50 | K305: =LAA!O305 -> 319.188 | L305: =LAA!K305 -> 319.188 | M305: =MILP!K305 -> 324.6755 | N305: =LAA!P305 -> 0.92903209 | P305: =(L305-K305)/K305 -> 0 | Q305: =(L305-M305)/M305 -> -0.016901491
A306: 304 | B306: 2 | C306: 200 | D306: 0.005 | E306: 1 | F306: 1 | G306: 3 | H306: 0.0333 | I306: 30 | J306: 50 | K306: =LAA!O306 -> 372.535 | L306: =LAA!K306 -> 372.535 | M306: =MILP!K306 -> 372.535 | N306: =LAA!P306 -> 0.031735897 | P306: =(L306-K306)/K306 -> 0 | Q306: =(L306-M306)/M306 -> 0
A307: 305 | B307: 2 | C307: 200 | D307: 0.005 | E307: 1 | F307: 2 | G307: 3 | H307: 0.0333 | I307: 30 | J307: 50 | K307: =LAA!O307 -> 353.945 | L307: =LAA!K307 -> 353.9645 | M307: =MILP!K307 -> 354.184 | N307: =LAA!P307 -> 0.85854077 | P307: =(L307-K307)/K307 -> 5.5093305e-05 | Q307: =(L307-M307)/M307 -> -0.00061973438
A308: 306 | B308: 2 | C308: 200 | D308: 0.005 | E308: 1 | F308: 3 | G308: 3 | H308: 0.0333 | I308: 30 | J308: 50 | K308: =LAA!O308 -> 347.8225 | L308: =LAA!K308 -> 348.026 | M308: =MILP!K308 -> 348.824 | N308: =LAA!P308 -> 0.87053871 | P308: =(L308-K308)/K308 -> 0.00058506853 | Q308: =(L308-M308)/M308 -> -0.0022876866
A309: 307 | B309: 2 | C309: 200 | D309: 0.005 | E309: 1 | F309: 4 | G309: 3 | H309: 0.0333 | I309: 30 | J309: 50 | K309: =LAA!O309 -> 344.6485 | L309: =LAA!K309 -> 345.0095 | M309: =MILP!K309 -> 346.6155 | N309: =LAA!P309 -> 0.98992801 | P309: =(L309-K309)/K309 -> 0.001047444 | Q309: =(L309-M309)/M309 -> -0.0046333762
A310: 308 | B310: 2 | C310: 200 | D310: 0.005 | E310: 1 | F310: 5 | G310: 3 | H310: 0.0333 | I310: 30 | J310: 50 | K310: =LAA!O310 -> 342.899 | L310: =LAA!K310 -> 343.444 | M310: =MILP!K310 -> 345.004 | N310: =LAA!P310 -> 1.0749562 | P310: =(L310-K310)/K310 -> 0.0015893893 | Q310: =(L310-M310)/M310 -> -0.0045216867
A311: 309 | B311: 2 | C311: 200 | D311: 0.005 | E311: 1 | F311: 6 | G311: 3 | H311: 0.0333 | I311: 30 | J311: 50 | K311: =LAA!O311 -> 341.7305 | L311: =LAA!K311 -> 342.6215 | M311: =MILP!K311 -> 345.7975 | N311: =LAA!P311 -> 1.3972087 | P311: =(L311-K311)/K311 -> 0.0026073178 | Q311: =(L311-M311)/M311 -> -0.0091845661
A312: 310 | B312: 2 | C312: 200 | D312: 0.005 | E312: 1 | F312: 7 | G312: 3 | H312: 0.0333 | I312: 30 | J312: 50 | K312: =LAA!O312 -> 340.892 | L312: =LAA!K312 -> 342.067 | M312: =MILP!K312 -> 344.8515 | N312: =LAA!P312 -> 1.3696334 | P312: =(L312-K312)/K312 -> 0.0034468395 | Q312: =(L312-M312)/M312 -> -0.00807449
... A318: 316 | B318: 2 | C318: 200 | D318: 0.005 | E318: 1 | F318: 10 | G318: 3 | H318: 0.0333 | I318: 30 | J318: 20 | K318: =LAA!O318 -> 339.5965 | L318: =LAA!K318 -> 341.894 | M318: =MILP!K318 -> 365.8015 | N318: =LAA!P318 -> 12.691675 | P318: =(L318-K318)/K318 -> 0.0067653819 | Q318: =(L318-M318)/M318 -> -0.065356484
A319: 317 | B319: 2 | C319: 200 | D319: 0.005 | E319: 1 | F319: 10 | G319: 3 | H319: 0.0333 | I319: 30 | J319: 10 | K319: =LAA!O319 -> 339.4845 | L319: =LAA!K319 -> 341.9925 | N319: =LAA!P319 -> 48.469124 | P319: =(L319-K319)/K319 -> 0.0073876716
A320: 318 | B320: 2 | C320: 200 | D320: 0.005 | E320: 1 | F320: 10 | G320: 2 | H320: 0.0333 | I320: 30 | J320: 50 | K320: =LAA!O320 -> 339.6545 | L320: =LAA!K320 -> 341.1715 | M320: =MILP!K320 -> 347.3075 | N320: =LAA!P320 -> 1.8700073 | P320: =(L320-K320)/K320 -> 0.0044663033 | Q320: =(L320-M320)/M320 -> -0.017667341
A321: 319 | B321: 2 | C321: 200 | D321: 0.005 | E321: 1 | F321: 10 | G321: 1 | H321: 0.0333 | I321: 30 | J321: 50 | K321: =LAA!O321 -> 339.535 | L321: =LAA!K321 -> 341.5425 | M321: =MILP!K321 -> 364.542 | N321: =LAA!P321 -> 1.8980691 | P321: =(L321-K321)/K321 -> 0.005912498 | Q321: =(L321-M321)/M321 -> -0.063091496
A322: 320 | B322: 2 | C322: 200 | D322: 0.005 | E322: 1 | F322: 10 | G322: 3 | H322: 0.0333 | I322: 60 | J322: 50 | K322: =LAA!O322 -> 339.1045 | L322: =LAA!K322 -> 339.4555 | M322: =MILP!K322 -> 342.729 | N322: =LAA!P322 -> 1.0137458 | P322: =(L322-K322)/K322 -> 0.0010350792 | Q322: =(L322-M322)/M322 -> -0.0095512781
A323: 321 | B323: 2 | C323: 200 | D323: 0.005 | E323: 1 | F323: 10 | G323: 3 | H323: 0.0333 | I323: 90 | J323: 50 | K323: =LAA!O323 -> 339.079 | L323: =LAA!K323 -> 339.1045 | M323: =MILP!K323 -> 345.5135 | N323: =LAA!P323 -> 0.86628461 | P323: =(L323-K323)/K323 -> 7.5203714e-05 | Q323: =(L323-M323)/M323 -> -0.018549203
A324: 322 | B324: 2 | C324: 200 | D324: 0.005 | E324: 1 | F324: 10 | G324: 3 | H324: 0.0333 | I324: 120 | J324: 50 | K324: =LAA!O324 -> 339.079 | L324: =LAA!K324 -> 339.079 | M324: =MILP!K324 -> 346.558 | N324: =LAA!P324 -> 1.0031338 | P324: =(L324-K324)/K324 -> -3.0175314e-15 | Q324: =(L324-M324)/M324 -> -0.021580803
A325: 323 | B325: 3 | C325: 200 | D325: 0.005 | E325: 1 | F325: 1 | G325: 3 | H325: 0.0333 | I325: 30 | J325: 50 | K325: =LAA!O325 -> 353.44 | L325: =LAA!K325 -> 353.44 | M325: =MILP!K325 -> 353.44 | N325: =LAA!P325 -> 0.031337023 | P325: =(L325-K325)/K325 -> 0 | Q325: =(L325-M325)/M325 -> 0
A326: 324 | B326: 3 | C326: 200 | D326: 0.005 | E326: 1 | F326: 2 | G326: 3 | H326: 0.0333 | I326: 30 | J326: 50 | K326: =LAA!O326 -> 335.8115 | L326: =LAA!K326 -> 335.791 | M326: =MILP!K326 -> 335.947 | N326: =LAA!P326 -> 0.93585324 | P326: =(L326-K326)/K326 -> -6.1046152e-05 | Q326: =(L326-M326)/M326 -> -0.00046435896
A327: 325 | B327: 3 | C327: 200 | D327: 0.005 | E327: 1 | F327: 3 | G327: 3 | H327: 0.0333 | I327: 30 | J327: 50 | K327: =LAA!O327 -> 329.9875 | L327: =LAA!K327 -> 330.3095 | M327: =MILP!K327 -> 331.69 | N327: =LAA!P327 -> 0.9403162 | P327: =(L327-K327)/K327 -> 0.00097579454 | Q327: =(L327-M327)/M327 -> -0.0041620188
A328: 326 | B328: 3 | C328: 200 | D328: 0.005 | E328: 1 | F328: 4 | G328: 3 | H328: 0.0333 | I328: 30 | J328: 50 | K328: =LAA!O328 -> 327.14 | L328: =LAA!K328 -> 327.7795 | M328: =MILP!K328 -> 329.5955 | N328: =LAA!P328 -> 1.1092117 | P328: =(L328-K328)/K328 -> 0.0019548206 | Q328: =(L328-M328)/M328 -> -0.005509784
A329: 327 | B329: 3 | C329: 200 | D329: 0.005 | E329: 1 | F329: 5 | G329: 3 | H329: 0.0333 | I329: 30 | J329: 50 | K329: =LAA!O329 -> 325.421 | L329: =LAA!K329 -> 326.4435 | M329: =MILP!K329 -> 328.6635 | N329: =LAA!P329 -> 1.3639574 | P329: =(L329-K329)/K329 -> 0.0031420836 | Q329: =(L329-M329)/M329 -> -0.006754629
A330: 328 | B330: 3 | C330: 200 | D330: 0.005 | E330: 1 | F330: 6 | G330: 3 | H330: 0.0333 | I330: 30 | J330: 50 | K330: =LAA!O330 -> 324.3485 | L330: =LAA!K330 -> 325.3935 | M330: =MILP!K330 -> 328.62 | N330: =LAA!P330 -> 1.6728117 | P330: =(L330-K330)/K330 -> 0.0032218432 | Q330: =(L330-M330)/M330 -> -0.0098183312
A331: 329 | B331: 3 | C331: 200 | D331: 0.005 | E331: 1 | F331: 7 | G331: 3 | H331: 0.0333 | I331: 30 | J331: 50 | K331: =LAA!O331 -> 323.5745 | L331: =LAA!K331 -> 324.5675 | M331: =MILP!K331 -> 328.0885 | N331: =LAA!P331 -> 1.5939958 | P331: =(L331-K331)/K331 -> 0.003068845 | Q331: =(L331-M331)/M331 -> -0.01073186
... A337: 335 | B337: 3 | C337: 200 | D337: 0.005 | E337: 1 | F337: 10 | G337: 3 | H337: 0.0333 | I337: 30 | J337: 20 | K337: =LAA!O337 -> 322.334 | L337: =LAA!K337 -> 324.701 | M337: =MILP!K337 -> 346.525 | N337: =LAA!P337 -> 14.698389 | P337: =(L337-K337)/K337 -> 0.0073433147 | Q337: =(L337-M337)/M337 -> -0.062979583
A338: 336 | B338: 3 | C338: 200 | D338: 0.005 | E338: 1 | F338: 10 | G338: 3 | H338: 0.0333 | I338: 30 | J338: 10 | K338: =LAA!O338 -> 322.314 | L338: =LAA!K338 -> 325.0565 | N338: =LAA!P338 -> 60.597641 | P338: =(L338-K338)/K338 -> 0.0085087834
A339: 337 | B339: 3 | C339: 200 | D339: 0.005 | E339: 1 | F339: 10 | G339: 2 | H339: 0.0333 | I339: 30 | J339: 50 | K339: =LAA!O339 -> 322.39 | L339: =LAA!K339 -> 324.4295 | M339: =MILP!K339 -> 332.838 | N339: =LAA!P339 -> 2.1290567 | P339: =(L339-K339)/K339 -> 0.0063261888 | Q339: =(L339-M339)/M339 -> -0.025263041
A340: 338 | B340: 3 | C340: 200 | D340: 0.005 | E340: 1 | F340: 10 | G340: 1 | H340: 0.0333 | I340: 30 | J340: 50 | K340: =LAA!O340 -> 322.257 | L340: =LAA!K340 -> 324.481 | M340: =MILP!K340 -> 344.756 | N340: =LAA!P340 -> 1.9450974 | P340: =(L340-K340)/K340 -> 0.0069013241 | Q340: =(L340-M340)/M340 -> -0.058809709
A341: 339 | B341: 3 | C341: 200 | D341: 0.005 | E341: 1 | F341: 10 | G341: 3 | H341: 0.0333 | I341: 60 | J341: 50 | K341: =LAA!O341 -> 321.846 | L341: =LAA!K341 -> 322.269 | M341: =MILP!K341 -> 327.0715 | N341: =LAA!P341 -> 0.98993444 | P341: =(L341-K341)/K341 -> 0.0013142932 | Q341: =(L341-M341)/M341 -> -0.014683334
A342: 340 | B342: 3 | C342: 200 | D342: 0.005 | E342: 1 | F342: 10 | G342: 3 | H342: 0.0333 | I342: 90 | J342: 50 | K342: =LAA!O342 -> 321.7215 | L342: =LAA!K342 -> 321.813 | M342: =MILP!K342 -> 329.421 | N342: =LAA!P342 -> 0.87642121 | P342: =(L342-K342)/K342 -> 0.00028440748 | Q342: =(L342-M342)/M342 -> -0.023095067
A343: 341 | B343: 3 | C343: 200 | D343: 0.005 | E343: 1 | F343: 10 | G343: 3 | H343: 0.0333 | I343: 120 | J343: 50 | K343: =LAA!O343 -> 321.682 | L343: =LAA!K343 -> 321.682 | M343: =MILP!K343 -> 326.096 | N343: =LAA!P343 -> 1.0112088 | P343: =(L343-K343)/K343 -> 0 | Q343: =(L343-M343)/M343 -> -0.013535891
A344: 342 | B344: 4 | C344: 200 | D344: 0.005 | E344: 1 | F344: 1 | G344: 3 | H344: 0.0333 | I344: 30 | J344: 50 | K344: =LAA!O344 -> 329.125 | L344: =LAA!K344 -> 329.125 | M344: =MILP!K344 -> 329.125 | N344: =LAA!P344 -> 0.032201767 | P344: =(L344-K344)/K344 -> 0 | Q344: =(L344-M344)/M344 -> 0
A345: 343 | B345: 4 | C345: 200 | D345: 0.005 | E345: 1 | F345: 2 | G345: 3 | H345: 0.0333 | I345: 30 | J345: 50 | K345: =LAA!O345 -> 312.7055 | L345: =LAA!K345 -> 312.8 | M345: =MILP!K345 -> 313.087 | N345: =LAA!P345 -> 1.1664848 | P345: =(L345-K345)/K345 -> 0.00030220127 | Q345: =(L345-M345)/M345 -> -0.00091667811
A346: 344 | B346: 4 | C346: 200 | D346: 0.005 | E346: 1 | F346: 3 | G346: 3 | H346: 0.0333 | I346: 30 | J346: 50 | K346: =LAA!O346 -> 307.254 | L346: =LAA!K346 -> 307.5825 | M346: =MILP!K346 -> 308.0975 | N346: =LAA!P346 -> 1.0304184 | P346: =(L346-K346)/K346 -> 0.001069148 | Q346: =(L346-M346)/M346 -> -0.0016715488
A347: 345 | B347: 4 | C347: 200 | D347: 0.005 | E347: 1 | F347: 4 | G347: 3 | H347: 0.0333 | I347: 30 | J347: 50 | K347: =LAA!O347 -> 304.523 | L347: =LAA!K347 -> 304.968 | M347: =MILP!K347 -> 307.251 | N347: =LAA!P347 -> 1.0074229 | P347: =(L347-K347)/K347 -> 0.0014613018 | Q347: =(L347-M347)/M347 -> -0.0074304071
A348: 346 | B348: 4 | C348: 200 | D348: 0.005 | E348: 1 | F348: 5 | G348: 3 | H348: 0.0333 | I348: 30 | J348: 50 | K348: =LAA!O348 -> 302.915 | L348: =LAA!K348 -> 303.4945 | M348: =MILP!K348 -> 306.7815 | N348: =LAA!P348 -> 1.3140547 | P348: =(L348-K348)/K348 -> 0.0019130779 | Q348: =(L348-M348)/M348 -> -0.010714466
A349: 347 | B349: 4 | C349: 200 | D349: 0.005 | E349: 1 | F349: 6 | G349: 3 | H349: 0.0333 | I349: 30 | J349: 50 | K349: =LAA!O349 -> 301.9685 | L349: =LAA!K349 -> 302.7305 | M349: =MILP!K349 -> 306.3885 | N349: =LAA!P349 -> 1.2157524 | P349: =(L349-K349)/K349 -> 0.002523442 | Q349: =(L349-M349)/M349 -> -0.01193909
A350: 348 | B350: 4 | C350: 200 | D350: 0.005 | E350: 1 | F350: 7 | G350: 3 | H350: 0.0333 | I350: 30 | J350: 50 | K350: =LAA!O350 -> 301.1655 | L350: =LAA!K350 -> 302.091 | M350: =MILP!K350 -> 306.3355 | N350: =LAA!P350 -> 1.5936897 | P350: =(L350-K350)/K350 -> 0.0030730612 | Q350: =(L350-M350)/M350 -> -0.013855723
... A356: 354 | B356: 4 | C356: 200 | D356: 0.005 | E356: 1 | F356: 10 | G356: 3 | H356: 0.0333 | I356: 30 | J356: 20 | K356: =LAA!O356 -> 299.99 | L356: =LAA!K356 -> 302.22 | M356: =MILP!K356 -> 323.313 | N356: =LAA!P356 -> 10.267353 | P356: =(L356-K356)/K356 -> 0.0074335811 | Q356: =(L356-M356)/M356 -> -0.065240185
A357: 355 | B357: 4 | C357: 200 | D357: 0.005 | E357: 1 | F357: 10 | G357: 3 | H357: 0.0333 | I357: 30 | J357: 10 | K357: =LAA!O357 -> 299.967 | L357: =LAA!K357 -> 302.3085 | N357: =LAA!P357 -> 45.3191 | P357: =(L357-K357)/K357 -> 0.0078058586
...

Sheet Var Explanation
A1: Parameter Description and Data Source
A3: Seed / Seed ID: Controls randomness for reproducibility.
A4: (uvl) % of Follower Energy Reduction: Assumed energy savings for follower vehicles (e.g., a follower consumes 1% less energy than the leader).
A5: (N) Maximum Platoon Size: Upper limit on the number of vehicles in a platoon.
A6: (cs) Charging speed
A7: (nV) Number of Vehicles: Total vehicles traveling on the highway, derived from input data (e.g., arrival times and trip details).
A8: (fsd) Fraction of Short-Distance Vehicles: Determines the proportion of short- vs long-distance vehicles (e.g., 0 → 25% short-distance, 1 → 50%, 2 → 75%).
A9: (dc) Charging Point Frequency: Defines how often charging stations appear relative to platoon points (e.g., 1: every point, 2: every two points, etc.).
A10: (ad) Average Distance: Average spacing between platoon points, based on the dataset.
A11: (dwl) Due Window Length: Additional allowable travel time (minute) for vehicles, derived from input conditions.
A12: OBJ_LB: Lower bound of objective value
A13: OBJ_LAA: Objective value obtain from Look Ahead Algorithm method
... A17: (RD_LAA_to_MILP(%)): Relative difference of LAA's objective value to MILP's objective value

Sheet Average
A1: case | B1: seed | C1: nV | D1: uvl | E1: fsd | F1: N | G1: dc | H1: charging_speed | I1: dwl | J1: ad | K1: OBJ_MILP | L1: OBJ_LAA | M1: OBJ_LB | N1: CPU_MILP | O1: CPU_LLA | P1: MILP GAP | Q1: RD MILP to LB | R1: RD LLA to MILP | S1: RD LLA to LB | T1: Ered | V1: OBJ_LAA | W1: OBJ_IPFA_F | X1: OBJ_IPFA_B | Y1: OBJ_LB | Z1: CPU_LAA | AA1: CPU_IPFA_F | AB1: CPU_IPFA_B | AC1: 'rd2LB' | AD1: 'rd2MILP' | AE1: 'rdMILP2LB' | AF1: OBJ_MILP | AG1: 'CPU MILP' | AH1: 'GAP MILP' | AI1: max_CPULLA | AJ1: max_CPUF | AK1: max_RD | AL1: OBJ_alone
A2: 0 | B2: 1 | C2: 25 | D2: 0.005 | E2: 1 | F2: 1 | G2: 3 | H2: 0.0333 | I2: 30 | J2: 50 | K2: 44.162 | L2: 44.162 | M2: 44.162 | N2: 0.0142 | O2: 0.0405 | P2: 0 | Q2: 0 | R2: 0 | S2: 0 | T2: 0 | V2: 44.162 | W2: 44.162 | X2: 44.162 | Y2: 44.162 | Z2: 0.0405 | AA2: 0.0002 | AB2: 0.0075 | AC2: 0 | AD2: 0 | AE2: 0 | AF2: 44.162 | AG2: 0.0142 | AH2: 0 | AI2: 47.825 | AJ2: 0.0489 | AK2: 0.001 | AL2: =IF(F2=1,V2,AL1) -> 44.162
A3: =A2+1 -> 1 | B3: 1 | C3: 25 | D3: 0.005 | E3: 1 | F3: 2 | G3: 3 | H3: 0.0333 | I3: 30 | J3: 50 | K3: 42.3512 | L3: 42.2882 | M3: 42.23 | N3: 2.5728 | O3: 0.0318 | P3: 0 | Q3: 0.0029 | R3: -0.0015 | S3: 0.0014 | T3: 0.042430144 | V3: 42.2882 | W3: 42.3394 | X3: 42.3616 | Y3: 42.23 | Z3: 0.0318 | AA3: 0.0008 | AB3: 0.0022 | AC3: 0.0014 | AD3: -0.0015 | AE3: 0.0029 | AF3: 42.3512 | AG3: 2.5728 | AH3: 0 | AI3: 45.7725 | AJ3: 0.064 | AK3: 0.0022 | AL3: =IF(F3=1,V3,AL2) -> 44.162
A4: =A3+1 -> 2 | B4: 1 | C4: 25 | D4: 0.005 | E4: 1 | F4: 3 | G4: 3 | H4: 0.0333 | I4: 30 | J4: 50 | K4: 41.9298 | L4: 41.8848 | M4: 41.7814 | N4: 96.3327 | O4: 0.0311 | P4: 0 | Q4: 0.0035 | R4: -0.001 | S4: 0.0025 | T4: 0.051564694 | V4: 41.8848 | W4: 41.921 | X4: 42.0237 | Y4: 41.7814 | Z4: 0.0311 | AA4: 0.0091 | AB4: 0.0007 | AC4: 0.0025 | AD4: -0.001 | AE4: 0.0035 | AF4: 41.9298 | AG4: 96.3327 | AH4: 0 | AI4: 45.1935 | AJ4: 0.0458 | AK4: 0.0157 | AL4: =IF(F4=1,V4,AL3) -> 44.162
A5: =A4+1 -> 3 | B5: 1 | C5: 25 | D5: 0.005 | E5: 1 | F5: 4 | G5: 3 | H5: 0.0333 | I5: 30 | J5: 50 | K5: 41.8178 | L5: 41.7779 | M5: 41.6153 | N5: 35.6741 | O5: 0.0401 | P5: 0 | Q5: 0.0048 | R5: -0.0009 | S5: 0.0039 | T5: 0.053985327 | V5: 41.7779 | W5: 41.8258 | X5: 41.8908 | Y5: 41.6153 | Z5: 0.0401 | AA5: 0.004 | AB5: 0.0058 | AC5: 0.0039 | AD5: -0.0009 | AE5: 0.0048 | AF5: 41.8178 | AG5: 35.6741 | AH5: 0 | AI5: 44.982 | AJ5: 0.0586 | AK5: 0.0157 | AL5: =IF(F5=1,V5,AL4) -> 44.162
A6: =A5+1 -> 4 | B6: 1 | C6: 25 | D6: 0.005 | E6: 1 | F6: 5 | G6: 3 | H6: 0.0333 | I6: 30 | J6: 50 | K6: 41.7523 | L6: 41.7622 | M6: 41.5642 | N6: 7.3993 | O6: 0.034 | P6: 0 | Q6: 0.0045 | R6: 0.0003 | S6: 0.0047 | T6: 0.054340836 | V6: 41.7622 | W6: 41.8141 | X6: 41.8181 | Y6: 41.5642 | Z6: 0.034 | AA6: 0.0013 | AB6: 0.0016 | AC6: 0.0047 | AD6: 0.0003 | AE6: 0.0045 | AF6: 41.7523 | AG6: 7.3993 | AH6: 0 | AI6: 44.982 | AJ6: 0.0554 | AK6: 0.0035 | AL6: =IF(F6=1,V6,AL5) -> 44.162
A7: =A6+1 -> 5 | B7: 1 | C7: 25 | D7: 0.005 | E7: 1 | F7: 6 | G7: 3 | H7: 0.0333 | I7: 30 | J7: 50 | K7: 41.7523 | L7: 41.7622 | M7: 41.5556 | N7: 5.7044 | O7: 0.0304 | P7: 0 | Q7: 0.0047 | R7: 0.0003 | S7: 0.0049 | T7: 0.054340836 | V7: 41.7622 | W7: 41.8141 | X7: 41.8181 | Y7: 41.5556 | Z7: 0.0304 | AA7: 0.0032 | AB7: 0.0032 | AC7: 0.0049 | AD7: 0.0003 | AE7: 0.0047 | AF7: 41.7523 | AG7: 5.7044 | AH7: 0 | AI7: 44.982 | AJ7: 0.0493 | AK7: 0.01 | AL7: =IF(F7=1,V7,AL6) -> 44.162
A8: =A7+1 -> 6 | B8: 1 | C8: 25 | D8: 0.005 | E8: 1 | F8: 7 | G8: 3 | H8: 0.0333 | I8: 30 | J8: 50 | K8: 41.7523 | L8: 41.7622 | M8: 41.5556 | N8: 4.5046 | O8: 0.0307 | P8: 0 | Q8: 0.0047 | R8: 0.0003 | S8: 0.0049 | T8: 0.054340836 | V8: 41.7622 | W8: 41.8141 | X8: 41.8181 | Y8: 41.5556 | Z8: 0.0307 | AA8: 0.001 | AB8: 0.0052 | AC8: 0.0049 | AD8: 0.0003 | AE8: 0.0047 | AF8: 41.7523 | AG8: 4.5046 | AH8: 0 | AI8: 44.982 | AJ8: 0.0342 | AK8: 0.0031 | AL8: =IF(F8=1,V8,AL7) -> 44.162
A9: =A8+1 -> 7 | B9: 1 | C9: 25 | D9: 0.005 | E9: 1 | F9: 8 | G9: 3 | H9: 0.0333 | I9: 30 | J9: 50 | K9: 41.7523 | L9: 41.7622 | M9: 41.5556 | N9: 5.0546 | O9: 0.0379 | P9: 0 | Q9: 0.0047 | R9: 0.0003 | S9: 0.0049 | T9: 0.054340836 | V9: 41.7622 | W9: 41.8141 | X9: 41.8181 | Y9: 41.5556 | Z9: 0.0379 | AA9: 0.0008 | AB9: 0.0024 | AC9: 0.0049 | AD9: 0.0003 | AE9: 0.0047 | AF9: 41.7523 | AG9: 5.0546 | AH9: 0 | AI9: 44.982 | AJ9: 0.0462 | AK9: 0.002 | AL9: =IF(F9=1,V9,AL8) -> 44.162
A10: =A9+1 -> 8 | B10: 1 | C10: 25 | D10: 0.005 | E10: 1 | F10: 9 | G10: 3 | H10: 0.0333 | I10: 30 | J10: 50 | K10: 41.7523 | L10: 41.7622 | M10: 41.5556 | N10: 5.0814 | O10: 0.0312 | P10: 0 | Q10: 0.0047 | R10: 0.0003 | S10: 0.0049 | T10: 0.054340836 | V10: 41.7622 | W10: 41.8141 | X10: 41.8181 | Y10: 41.5556 | Z10: 0.0312 | AA10: 0.0016 | AB10: 0.0054 | AC10: 0.0049 | AD10: 0.0003 | AE10: 0.0047 | AF10: 41.7523 | AG10: 5.0814 | AH10: 0 | AI10: 44.982 | AJ10: 0.0397 | AK10: 0.0031 | AL10: =IF(F10=1,V10,AL9) -> 44.162
A11: =A10+1 -> 9 | B11: 1 | C11: 25 | D11: 0.005 | E11: 1 | F11: 10 | G11: 3 | H11: 0.0333 | I11: 30 | J11: 50 | K11: 41.7523 | L11: 41.7622 | M11: 41.5556 | N11: 5.0384 | O11: 0.0303 | P11: 0 | Q11: 0.0047 | R11: 0.0003 | S11: 0.0049 | T11: 0.054340836 | V11: 41.7622 | W11: 41.8141 | X11: 41.8181 | Y11: 41.5556 | Z11: 0.0303 | AA11: 0.0008 | AB11: 0.0006 | AC11: 0.0049 | AD11: 0.0003 | AE11: 0.0047 | AF11: 41.7523 | AG11: 5.0384 | AH11: 0 | AI11: 44.982 | AJ11: 0.0421 | AK11: 0.003 | AL11: =IF(F11=1,V11,AL10) -> 44.162
A12: =A11+1 -> 10 | B12: 1 | C12: 25 | D12: 0.005 | E12: 1 | F12: 10 | G12: 3 | H12: 0.0333 | I12: 30 | J12: 40 | K12: 41.7422 | L12: 41.7625 | M12: 41.5625 | N12: 6.1368 | O12: 0.0509 | P12: 0 | Q12: 0.0042 | R12: 0.0006 | S12: 0.0048 | T12: 0.054334043 | V12: 41.7625 | W12: 41.8886 | X12: 41.988 | Y12: 41.5625 | Z12: 0.0509 | AA12: 0.0008 | AB12: 0.005 | AC12: 0.0048 | AD12: 0.0006 | AE12: 0.0042 | AF12: 41.7422 | AG12: 6.1368 | AH12: 0 | AI12: 44.883 | AJ12: 0.065 | AK12: 0.002 | AL12: =IF(F12=1,V12,AL11) -> 44.162
A13: =A12+1 -> 11 | B13: 1 | C13: 25 | D13: 0.005 | E13: 1 | F13: 10 | G13: 3 | H13: 0.0333 | I13: 30 | J13: 30 | K13: 41.7203 | L13: 41.8131 | M13: 41.5855 | N13: 71.594 | O13: 0.0882 | P13: 0 | Q13: 0.0033 | R13: 0.0022 | S13: 0.0055 | T13: 0.053188261 | V13: 41.8131 | W13: 41.8658 | X13: 42.0048 | Y13: 41.5855 | Z13: 0.0882 | AA13: 0.0048 | AB13: 0.0043 | AC13: 0.0055 | AD13: 0.0022 | AE13: 0.0033 | AF13: 41.7203 | AG13: 71.594 | AH13: 0 | AI13: 44.918 | AJ13: 0.1445 | AK13: 0.011 | AL13: =IF(F13=1,V13,AL12) -> 44.162
A14: =A13+1 -> 12 | B14: 1 | C14: 25 | D14: 0.005 | E14: 1 | F14: 10 | G14: 3 | H14: 0.0333 | I14: 30 | J14: 20 | K14: 41.7205 | L14: 41.8151 | M14: 41.6163 | N14: 109.7267 | O14: 0.2301 | P14: 0 | Q14: 0.0025 | R14: 0.0023 | S14: 0.0048 | T14: 0.053142974 | V14: 41.8151 | W14: 41.8697 | X14: 42.2584 | Y14: 41.6163 | Z14: 0.2301 | AA14: 0.0088 | AB14: 0.0159 | AC14: 0.0048 | AD14: 0.0023 | AE14: 0.0025 | AF14: 41.7205 | AG14: 109.7267 | AH14: 0 | AI14: 45.0175 | AJ14: 0.3833 | AK14: 0.0159 | AL14: =IF(F14=1,V14,AL13) -> 44.162
... A71: =A70+1 -> 69 | B71: 1 | C71: 200 | D71: 0.005 | E71: 1 | F71: 10 | G71: 3 | H71: 0.0333 | I71: 30 | J71: 20 | K71: 346.2182 | L71: 324.2057 | M71: 321.1523 | N71: 3600.5023 | O71: 1.8914 | P71: 0.0727 | Q71: 0.077 | R71: -0.0629 | S71: 0.0095 | T71: 0.079627826 | V71: 324.2057 | W71: 324.2057 | X71: 329.848 | Y71: 321.1523 | Z71: 1.8914 | AA71: 0.1407 | AB71: 0.2212 | AC71: 0.0095 | AD71: -0.0629 | AE71: 0.077 | AF71: 346.2182 | AG71: 3600.5023 | AH71: 0.0727 | AI71: 339.5965 | AJ71: 2.0371 | AK71: 0.145 | AL71: =IF(F71=1,V71,AL70) -> 352.255
A72: =A71+1 -> 70 | B72: 1 | C72: 200 | D72: 0.005 | E72: 1 | F72: 10 | G72: 3 | H72: 0.0333 | I72: 30 | J72: 10 | K72: nan | L72: 323.902 | M72: 321.0865 | N72: nan | O72: 7.8204 | P72: nan | Q72: nan | R72: nan | S72: 0.0088 | T72: 0.080489986 | V72: 323.902 | W72: 323.917 | X72: 330.8978 | Y72: 321.0865 | Z72: 7.8204 | AA72: 0.3624 | AB72: 0.4565 | AC72: 0.0088 | AD72: nan | AE72: nan | AF72: nan | AG72: nan | AH72: nan | AI72: 339.4845 | AJ72: 8.9098 | AK72: 0.4296 | AL72: =IF(F72=1,V72,AL71) -> 352.255
A73: =A72+1 -> 71 | B73: 1 | C73: 200 | D73: 0.005 | E73: 1 | F73: 10 | G73: 2 | H73: 0.0333 | I73: 30 | J73: 50 | K73: 329.8357 | L73: 322.3838 | M73: 321.18 | N73: 3599.0584 | O73: 0.57 | P73: 0.0272 | Q73: 0.027 | R73: -0.0227 | S73: 0.0037 | T73: 0.084799932 | V73: 322.3838 | W73: 323.5917 | X73: 326.7325 | Y73: 321.18 | Z73: 0.57 | AA73: 0.0455 | AB73: 0.0714 | AC73: 0.0037 | AD73: -0.0227 | AE73: 0.027 | AF73: 329.8357 | AG73: 3599.0584 | AH73: 0.0272 | AI73: 339.6545 | AJ73: 0.7221 | AK73: 0.096 | AL73: =IF(F73=1,V73,AL72) -> 352.255
A74: =A73+1 -> 72 | B74: 1 | C74: 200 | D74: 0.005 | E74: 1 | F74: 10 | G74: 1 | H74: 0.0333 | I74: 30 | J74: 50 | K74: 343.9041 | L74: 322.3138 | M74: 321.0867 | N74: 3600.2749 | O74: 0.5857 | P74: 0.0671 | Q74: 0.0711 | R74: -0.0627 | S74: 0.0039 | T74: 0.084998652 | V74: 322.3138 | W74: 323.6516 | X74: 327.0566 | Y74: 321.0867 | Z74: 0.5857 | AA74: 0.0195 | AB74: 0.0733 | AC74: 0.0039 | AD74: -0.0627 | AE74: 0.0711 | AF74: 343.9041 | AG74: 3600.2749 | AH74: 0.0671 | AI74: 339.535 | AJ74: 0.733 | AK74: 0.0492 | AL74: =IF(F74=1,V74,AL73) -> 352.255
A75: =A74+1 -> 73 | B75: 1 | C75: 200 | D75: 0.005 | E75: 1 | F75: 10 | G75: 3 | H75: 0.0333 | I75: 60 | J75: 50 | K75: 325.6008 | L75: 321.0209 | M75: 320.7097 | N75: 3604.3633 | O75: 0.3304 | P75: 0.0156 | Q75: 0.0154 | R75: -0.0142 | S75: 0.001 | T75: 0.088669004 | V75: 321.0209 | W75: 321.1734 | X75: 322.3374 | Y75: 320.7097 | Z75: 0.3304 | AA75: 0.0194 | AB75: 0.0415 | AC75: 0.001 | AD75: -0.0142 | AE75: 0.0154 | AF75: 325.6008 | AG75: 3604.3633 | AH75: 0.0156 | AI75: 339.1045 | AJ75: 0.4163 | AK75: 0.0321 | AL75: =IF(F75=1,V75,AL74) -> 352.255
A76: =A75+1 -> 74 | B76: 1 | C76: 200 | D76: 0.005 | E76: 1 | F76: 10 | G76: 3 | H76: 0.0333 | I76: 90 | J76: 50 | K76: 327.6976 | L76: 320.6977 | M76: 320.6334 | N76: 3612.531 | O76: 0.286 | P76: 0.0219 | Q76: 0.0221 | R76: -0.0214 | S76: 0.0002 | T76: 0.089586521 | V76: 320.6977 | W76: 320.7276 | X76: 321.1615 | Y76: 320.6334 | Z76: 0.286 | AA76: 0.0169 | AB76: 0.0475 | AC76: 0.0002 | AD76: -0.0214 | AE76: 0.0221 | AF76: 327.6976 | AG76: 3612.531 | AH76: 0.0219 | AI76: 339.079 | AJ76: 0.4299 | AK76: 0.031 | AL76: =IF(F76=1,V76,AL75) -> 352.255
A77: =A76+1 -> 75 | B77: 1 | C77: 200 | D77: 0.005 | E77: 1 | F77: 10 | G77: 3 | H77: 0.0333 | I77: 120 | J77: 50 | K77: 326.6596 | L77: 320.6255 | M77: 320.6255 | N77: 3603.3086 | O77: 0.3268 | P77: 0.0188 | Q77: 0.0189 | R77: -0.0185 | S77: 0 | T77: 0.089791486 | V77: 320.6255 | W77: 320.655 | X77: 320.636 | Y77: 320.6255 | Z77: 0.3268 | AA77: 0.0096 | AB77: 0.0316 | AC77: 0 | AD77: -0.0185 | AE77: 0.0189 | AF77: 326.6596 | AG77: 3603.3086 | AH77: 0.0188 | AI77: 339.079 | AJ77: 0.3639 | AK77: 0.0163 | AL77: =IF(F77=1,V77,AL76) -> 352.255
A78: =A77+1 -> 76 | B78: 1 | C78: 500 | D78: 0.005 | E78: 1 | F78: 1 | G78: 3 | H78: 0.0333 | I78: 30 | J78: 50 | K78: nan | L78: 879.684 | M78: 879.684 | N78: nan | O78: 1.725 | P78: nan | Q78: 0 | S78: 0.0355 | T78: 0 | V78: 879.684 | W78: 879.684 | X78: 879.684 | Y78: 879.684 | Z78: 1.725 | AA78: 0.0355 | AB78: 0.1311 | AC78: 0 | AD78: nan | AE78: nan | AF78: nan | AG78: nan | AH78: nan | AI78: 915.985 | AJ78: 1.8797 | AK78: 0.0967 | AL78: =IF(F78=1,V78,AL77) -> 879.684
A79: =A78+1 -> 77 | B79: 1 | C79: 500 | D79: 0.005 | E79: 1 | F79: 2 | G79: 3 | H79: 0.0333 | I79: 30 | J79: 50 | K79: nan | L79: 835.741 | M79: 835.741 | N79: nan | O79: 1.0322 | P79: nan | Q79: 0 | R79: 0.0057 | S79: 0.0857 | T79: 0.049953165 | V79: 835.741 | W79: 835.7957 | X79: 835.741 | Y79: 835.741 | Z79: 1.0322 | AA79: 0.0857 | AB79: 0.115 | AC79: 0 | AD79: nan | AE79: nan | AF79: nan | AG79: nan | AH79: nan | AI79: 870.2445 | AJ79: 1.3502 | AK79: 0.1748 | AL79: =IF(F79=1,V79,AL78) -> 879.684
A80: =A79+1 -> 78 | B80: 1 | C80: 500 | D80: 0.005 | E80: 1 | F80: 3 | G80: 3 | H80: 0.0333 | I80: 30 | J80: 50 | K80: nan | L80: 821.2219 | M80: 821.1132 | N80: nan | O80: 0.8169 | P80: nan | Q80: 0.0001 | S80: 0.075 | T80: 0.066458069 | V80: 821.2219 | W80: 821.3628 | X80: 821.2219 | Y80: 821.1132 | Z80: 0.8169 | AA80: 0.075 | AB80: 0.0979 | AC80: 0.0001 | AD80: nan | AE80: nan | AF80: nan | AG80: nan | AH80: nan | AI80: 855.016 | AJ80: 0.9084 | AK80: 0.0805 | AL80: =IF(F80=1,V80,AL79) -> 879.684
A81: =A80+1 -> 79 | B81: 1 | C81: 500 | D81: 0.005 | E81: 1 | F81: 4 | G81: 3 | H81: 0.0333 | I81: 30 | J81: 50 | K81: nan | L81: 814.1927 | M81: 813.7831 | N81: nan | O81: 0.6466 | P81: nan | Q81: 0.0005 | S81: 0.08 | T81: 0.074448666 | V81: 814.1927 | W81: 814.4428 | X81: 814.2488 | Y81: 813.7831 | Z81: 0.6466 | AA81: 0.08 | AB81: 0.1076 | AC81: 0.0005 | AD81: nan | AE81: nan | AF81: nan | AG81: nan | AH81: nan | AI81: 847.362 | AJ81: 0.6725 | AK81: 0.0809 | AL81: =IF(F81=1,V81,AL80) -> 879.684
A82: =A81+1 -> 80 | B82: 1 | C82: 500 | D82: 0.005 | E82: 1 | F82: 5 | G82: 3 | H82: 0.0333 | I82: 30 | J82: 50 | K82: nan | L82: 810.1002 | M82: 809.3935 | N82: nan | O82: 0.7976 | P82: nan | Q82: 0.0009 | S82: 0.0867 | T82: 0.079100904 | V82: 810.1002 | W82: 810.2963 | X82: 810.8252 | Y82: 809.3935 | Z82: 0.7976 | AA82: 0.0867 | AB82: 0.1016 | AC82: 0.0009 | AD82: nan | AE82: nan | AF82: nan | AG82: nan | AH82: nan | AI82: 842.795 | AJ82: 1.0704 | AK82: 0.1599 | AL82: =IF(F82=1,V82,AL81) -> 879.684
A83: =A82+1 -> 81 | B83: 1 | C83: 500 | D83: 0.005 | E83: 1 | F83: 6 | G83: 3 | H83: 0.0333 | I83: 30 | J83: 50 | K83: nan | L83: 807.6218 | M83: 806.5096 | N83: nan | O83: 0.8343 | P83: nan | Q83: 0.0014 | R83: 0.1379 | S83: 0.0798 | T83: 0.08191828 | V83: 807.6218 | W83: 807.6732 | X83: 809.025 | Y83: 806.5096 | Z83: 0.8343 | AA83: 0.0798 | AB83: 0.1379 | AC83: 0.0014 | AD83: nan | AE83: nan | AF83: nan | AG83: nan | AH83: nan | AI83: 839.7925 | AJ83: 0.9253 | AK83: 0.0961 | AL83: =IF(F83=1,V83,AL82) -> 879.684
A84: =A83+1 -> 82 | B84: 1 | C84: 500 | D84: 0.005 | E84: 1 | F84: 7 | G84: 3 | H84: 0.0333 | I84: 30 | J84: 50 | K84: nan | L84: 805.3485 | M84: 804.452 | N84: nan | O84: 1.0399 | P84: nan | Q84: 0.0011 | R84: 0.1519 | S84: 0.0671 | T84: 0.084502503 | V84: 805.3485 | W84: 805.984 | X84: 807.5701 | Y84: 804.452 | Z84: 1.0399 | AA84: 0.0671 | AB84: 0.1519 | AC84: 0.0011 | AD84: nan | AE84: nan | AF84: nan | AG84: nan | AH84: nan | AI84: 837.658 | AJ84: 1.2496 | AK84: 0.0971 | AL84: =IF(F84=1,V84,AL83) -> 879.684
A85: =A84+1 -> 83 | B85: 1 | C85: 500 | D85: 0.005 | E85: 1 | F85: 8 | G85: 3 | H85: 0.0333 | I85: 30 | J85: 50 | K85: nan | L85: 804.5435 | M85: 802.8827 | N85: nan | O85: 0.8585 | P85: nan | Q85: 0.0021 | R85: 0.1745 | S85: 0.0959 | T85: 0.085417605 | V85: 804.5435 | W85: 804.5823 | X85: 807.4382 | Y85: 802.8827 | Z85: 0.8585 | AA85: 0.0959 | AB85: 0.1745 | AC85: 0.0021 | AD85: nan | AE85: nan | AF85: nan | AG85: nan | AH85: nan | AI85: 835.985 | AJ85: 1.052 | AK85: 0.1041 | AL85: =IF(F85=1,V85,AL84) -> 879.684
A86: =A85+1 -> 84 | B86: 1 | C86: 500 | D86: 0.005 | E86: 1 | F86: 9 | G86: 3 | H86: 0.0333 | I86: 30 | J86: 50 | K86: nan | L86: 803.2052 | M86: 801.7078 | N86: nan | O86: 0.9111 | P86: nan | Q86: 0.0019 | R86: 0.1953 | S86: 0.093 | T86: 0.086938946 | V86: 803.2052 | W86: 803.4742 | X86: 807.072 | Y86: 801.7078 | Z86: 0.9111 | AA86: 0.093 | AB86: 0.1953 | AC86: 0.0019 | AD86: nan | AE86: nan | AF86: nan | AG86: nan | AH86: nan | AI86: 834.7495 | AJ86: 1.2249 | AK86: 0.1251 | AL86: =IF(F86=1,V86,AL85) -> 879.684
A87: =A86+1 -> 85 | B87: 1 | C87: 500 | D87: 0.005 | E87: 1 | F87: 10 | G87: 3 | H87: 0.0333 | I87: 30 | J87: 50 | K87: nan | L87: 802.1015 | M87: 800.7706 | N87: nan | O87: 1.2015 | P87: nan | Q87: 0.0017 | R87: 0.2251 | S87: 0.0848 | T87: 0.088193601 | V87: 802.1015 | W87: 802.8039 | X87: 806.5437 | Y87: 800.7706 | Z87: 1.2015 | AA87: 0.0848 | AB87: 0.2251 | AC87: 0.0017 | AD87: nan | AE87: nan | AF87: nan | AG87: nan | AH87: nan | AI87: 833.828 | AJ87: 1.4909 | AK87: 0.1111 | AL87: =IF(F87=1,V87,AL86) -> 879.684
A88: =A87+1 -> 86 | B88: 1 | C88: 500 | D88: 0.005 | E88: 1 | F88: 10 | G88: 3 | H88: 0.0333 | I88: 30 | J88: 40 | K88: nan | L88: 802.0619 | M88: 800.715 | N88: nan | O88: 1.6284 | P88: nan | Q88: 0.0017 | R88: 0.2711 | S88: 0.104 | T88: 0.088238618 | V88: 802.0619 | W88: 802.728 | X88: 807.9172 | Y88: 800.715 | Z88: 1.6284 | AA88: 0.104 | AB88: 0.2711 | AC88: 0.0017 | AD88: nan | AE88: nan | AF88: nan | AG88: nan | AH88: nan | AI88: 833.758 | AJ88: 2.2664 | AK88: 0.1325 | AL88: =IF(F88=1,V88,AL87) -> 879.684
A89: =A88+1 -> 87 | B89: 1 | C89: 500 | D89: 0.005 | E89: 1 | F89: 10 | G89: 3 | H89: 0.0333 | I89: 30 | J89: 30 | K89: nan | L89: 803.0232 | M89: 800.7667 | N89: nan | O89: 2.3226 | P89: nan | Q89: 0.0028 | R89: 0.424 | S89: 0.1941 | T89: 0.087145839 | V89: 803.0232 | W89: 803.0918 | X89: 810.4598 | Y89: 800.7667 | Z89: 2.3226 | AA89: 0.1941 | AB89: 0.424 | AC89: 0.0028 | AD89: nan | AE89: nan | AF89: nan | AG89: nan | AH89: nan | AI89: 833.8205 | AJ89: 2.5901 | AK89: 0.2066 | AL89: =IF(F89=1,V89,AL88) -> 879.684
A90: =A89+1 -> 88 | B90: 1 | C90: 500 | D90: 0.005 | E90: 1 | F90: 10 | G90: 3 | H90: 0.0333 | I90: 30 | J90: 20 | K90: nan | L90: 803.4025 | M90: 800.7581 | N90: nan | O90: 5.5132 | P90: nan | Q90: 0.0033 | R90: 0.9448 | S90: 0.3632 | T90: 0.086714661 | V90: 803.4025 | W90: 803.5648 | X90: 817.1922 | Y90: 800.7581 | Z90: 5.5132 | AA90: 0.3632 | AB90: 0.9448 | AC90: 0.0033 | AD90: nan | AE90: nan | AF90: nan | AG90: nan | AH90: nan | AI90: 833.7875 | AJ90: 6.169 | AK90: 0.4407 | AL90: =IF(F90=1,V90,AL89) -> 879.684
A91: =A90+1 -> 89 | B91: 1 | C91: 500 | D91: 0.005 | E91: 1 | F91: 10 | G91: 3 | H91: 0.0333 | I91: 30 | J91: 10 | K91: nan | L91: 802.9555 | M91: 800.751 | N91: nan | O91: 20.3148 | P91: nan | Q91: 0.0028 | R91: 1.93 | S91: 0.7519 | T91: 0.087222798 | V91: 802.9555 | W91: 803.0236 | X91: 821.6726 | Y91: 800.751 | Z91: 20.3148 | AA91: 0.7519 | AB91: 1.93 | AC91: 0.0028 | AD91: nan | AE91: nan | AF91: nan | AG91: nan | AH91: nan | AI91: 833.8015 | AJ91: 22.2771 | AK91: 0.9222 | AL91: =IF(F91=1,V91,AL90) -> 879.684
A92: =A91+1 -> 90 | B92: 1 | C92: 500 | D92: 0.005 | E92: 1 | F92: 10 | G92: 2 | H92: 0.0333 | I92: 30 | J92: 50 | K92: nan | L92: 802.3586 | M92: 800.7501 | N92: nan | O92: 1.318 | P92: nan | Q92: 0.002 | R92: 0.2617 | S92: 0.0881 | T92: 0.087901337 | V92: 802.3586 | W92: 803.2561 | X92: 810.0858 | Y92: 800.7501 | Z92: 1.318 | AA92: 0.0881 | AB92: 0.2617 | AC92: 0.002 | AD92: nan | AE92: nan | AF92: nan | AG92: nan | AH92: nan | AI92: 833.7845 | AJ92: 1.5645 | AK92: 0.1297 | AL92: =IF(F92=1,V92,AL91) -> 879.684
A93: =A92+1 -> 91 | B93: 1 | C93: 500 | D93: 0.005 | E93: 1 | F93: 10 | G93: 1 | H93: 0.0333 | I93: 30 | J93: 50 | K93: nan | L93: 801.9573 | M93: 800.7335 | N93: nan | O93: 1.4843 | P93: nan | Q93: 0.0015 | R93: 0.29 | S93: 0.0832 | T93: 0.088357524 | V93: 801.9573 | W93: 802.7421 | X93: 811.736 | Y93: 800.7335 | Z93: 1.4843 | AA93: 0.0832 | AB93: 0.29 | AC93: 0.0015 | AD93: nan | AE93: nan | AF93: nan | AG93: nan | AH93: nan | AI93: 833.8055 | AJ93: 1.9771 | AK93: 0.1279 | AL93: =IF(F93=1,V93,AL92) -> 879.684
A94: =A93+1 -> 92 | B94: 1 | C94: 500 | D94: 0.005 | E94: 1 | F94: 10 | G94: 3 | H94: 0.0333 | I94: 60 | J94: 50 | K94: nan | L94: 800.7682 | M94: 800.5725 | N94: nan | O94: 0.8394 | P94: nan | Q94: 0.0002 | R94: 0.0884 | S94: 0.0532 | T94: 0.089709259 | V94: 800.7682 | W94: 800.843 | X94: 801.0263 | Y94: 800.5725 | Z94: 0.8394 | AA94: 0.0532 | AB94: 0.0884 | AC94: 0.0002 | AD94: nan | AE94: nan | AF94: nan | AG94: nan | AH94: nan | AI94: 833.6395 | AJ94: 1.2415 | AK94: 0.0801 | AL94: =IF(F94=1,V94,AL93) -> 879.684
... A134: =A133+1 -> 132 | B134: 1 | C134: 2000 | D134: 0.005 | E134: 1 | F134: 10 | G134: 3 | H134: 0.0333 | I134: 120 | J134: 50 | K134: nan | L134: 3211.2535 | M134: 3211.2535 | N134: nan | O134: 7.4016 | P134: nan | Q134: 0 | R134: 0.6659 | S134: 0.1452 | T134: 0.089981175 | V134: 3211.2535 | W134: 3211.2535 | X134: 3211.2535 | Y134: 3211.2535 | Z134: 7.4016 | AA134: 0.1452 | AB134: 0.6659 | AC134: 0 | AD134: nan | AE134: nan | AF134: nan | AG134: nan | AH134: nan | AI134: 3348.719 | AJ134: 8.8425 | AK134: 0.2851 | AL134: =IF(F134=1,V134,AL133) -> 3528.777

Sheet LAA
A1: case | B1: seed | C1: nV | D1: uvl | E1: fsd | F1: N | G1: dc | H1: charging_speed | I1: dwl | J1: ad | K1: LOOK AHEAD | L1: e_forward | M1: e_backward | N1: lower_bound | O1: lower_bound_f | P1: CPU LOOK AHEAD | Q1: cpu_forward | R1: cpu_backward | S1: time.time()-start_data_time | T1: min_p_middle | U1: min_p_middle_value | V1: mean_delay_to_entry_(minute) | W1: mean_sum_waiting_platoon_(minute) | X1: mean_Saving_energy | Y1: mean_Saving_energy(%) | Z1: mean_before_due_time_(minute) | AA1: mean_duration_trip_alone_(minute) | AB1: mean_Saving_time_(minute) | AC1: mean_Saving_time(%) | AD1: std_delay_to_entry_(minute) | AE1: std_sum_waiting_platoon_(minute) | AF1: std_Saving_energy | AG1: std_Saving_energy(%) | AH1: std_before_due_time_(minute) | AI1: std_duration_trip_alone_(minute) | AJ1: std_Saving_time_(minute) | AK1: std_Saving_time(%) | AL1: min_delay_to_entry_(minute) | AM1: min_sum_waiting_platoon_(minute) | AN1: min_Saving_energy | AO1: min_Saving_energy(%) | AP1: min_before_due_time_(minute) | AQ1: min_duration_trip_alone_(minute) | AR1: min_Saving_time_(minute) | AS1: min_Saving_time(%) | AT1: max_delay_to_entry_(minute) | AU1: max_sum_waiting_platoon_(minute) | AV1: max_Saving_energy | AW1: max_Saving_energy(%) | AX1: max_before_due_time_(minute) | AY1: max_duration_trip_alone_(minute) | AZ1: max_Saving_time_(minute) | BA1: max_Saving_time(%) | BB1: max_cc_5 | BC1: mean_cc_5 | BD1: max_cc_10 | BE1: mean_cc_10 | BF1: max_cc_15 | BG1: mean_cc_15 | BH1: max_cc_20 | BI1: mean_cc_20 | BJ1: max_cc_25 | BK1: mean_cc_25 | BL1: max_cc_30 | BM1: mean_cc_30 | BN1: Column16 | BO1: Column17 | BP1: platoon_size_1 | BQ1: platoon_size_2 | BR1: platoon_size_3 | BS1: platoon_size_4 | BT1: platoon_size_5 | BU1: platoon_size_6 | BV1: platoon_size_7 | BW1: platoon_size_8 | BX1: platoon_size_9 | BY1: platoon_size_10
A2: 0 | B2: 1 | C2: 25 | D2: 0.005 | E2: 1 | F2: 1 | G2: 3 | H2: 0.0333 | I2: 30 | J2: 50 | K2: 42.455 | L2: 42.455 | M2: 42.455 | N2: 42.455 | O2: 42.455 | P2: 0.0038464069 | Q2: 0.0038464069 | R2: 0.0038464069 | S2: 0.77141857 | T2: 'p0' | U2: '42.45500000000001' | V2: 0 | W2: 0 | X2: 0 | Y2: 0 | Z2: 0 | AA2: 294.26754 | AB2: 0 | AC2: 0 | AD2: 0 | AE2: 0 | AF2: 0 | AG2: 0 | AH2: 0 | AI2: 94.119082 | AJ2: 0 | AK2: 0 | AL2: 0 | AM2: 0 | AN2: 0 | AO2: 0 | AP2: 0 | AQ2: 149.71096 | AR2: 0 | AS2: 0 | AT2: 0 | AU2: 0 | AV2: 0 | AW2: 0 | AX2: 0 | AY2: 435.66066 | AZ2: 0 | BA2: 0 | BB2: 4 | BC2: 1 | BD2: 4 | BE2: 2 | BF2: 4 | BG2: 2 | BH2: 4 | BI2: 2 | BJ2: 4 | BK2: 2 | BL2: 5 | BM2: 2 | BN2: 'Run_all_with_output' | BO2: ''] | BP2: 1 | BQ2: 0 | BR2: 0 | BS2: 0 | BT2: 0 | BU2: 0 | BV2: 0 | BW2: 0 | BX2: 0 | BY2: 0
A3: 1 | B3: 1 | C3: 25 | D3: 0.005 | E3: 1 | F3: 2 | G3: 3 | H3: 0.0333 | I3: 30 | J3: 50 | K3: 40.8475 | L3: 40.878 | M3: 40.9245 | N3: 40.858 | O3: 40.6215 | P3: 0.13871861 | Q3: 0 | R3: 0.0090222359 | S3: 1.0627172 | T3: 'p5' | U3: '40.8475' | V3: 8.3248467 | W3: 0.12012012 | X3: 0.0651 | Y3: 3.7476442 | Z3: 0 | AA3: 294.26754 | AB3: 1.954955 | AC3: 0.6513804 | AD3: 11.12275 | AE3: 0.41574694 | AF3: 0.050797187 | AG3: 2.7259724 | AH3: 0 | AI3: 94.119082 | AJ3: 1.525441 | AK3: 0.47732862 | AL3: -2.842171e-14 | AM3: 0 | AN3: 0 | AO3: 0 | AP3: 0 | AQ3: 149.71096 | AR3: 0 | AS3: 0 | AT3: 39.77649 | AU3: 1.5015015 | AV3: 0.1575 | AW3: 10 | AX3: 0 | AY3: 435.66066 | AZ3: 4.7297297 | BA3: 1.805281 | BB3: 4 | BC3: 1 | BD3: 5 | BE3: 2 | BF3: 4 | BG3: 2 | BH3: 5 | BI3: 2 | BJ3: 5 | BK3: 2 | BL3: 5 | BM3: 2 | BN3: 'Run_all_with_output' | BO3: ''] | BP3: 0.22807018 | BQ3: 0.77192982 | BR3: 0 | BS3: 0 | BT3: 0 | BU3: 0 | BV3: 0 | BW3: 0 | BX3: 0 | BY3: 0
A4: 2 | B4: 1 | C4: 25 | D4: 0.005 | E4: 1 | F4: 3 | G4: 3 | H4: 0.0333 | I4: 30 | J4: 50 | K4: 40.469 | L4: 40.4995 | M4: 40.6585 | N4: 40.4995 | O4: 40.2885 | P4: 0.20905256 | Q4: 0.0030055046 | R4: 0.016045809 | S4: 1.1197882 | T4: 'p5' | U4: '40.469' | V4: 8.6984281 | W4: 0.12012012 | X4: 0.07944 | Y4: 4.5108196 | Z4: 0 | AA4: 294.26754 | AB4: 2.3855856 | AC4: 0.78027822 | AD4: 11.837472 | AE4: 0.41574694 | AF4: 0.064663282 | AG4: 3.1313859 | AH4: 0 | AI4: 94.119082 | AJ4: 1.9418403 | AK4: 0.54538331 | AL4: -5.684342e-14 | AM4: 0 | AN4: 0 | AO4: 0 | AP4: 0 | AQ4: 149.71096 | AR4: 0 | AS4: 0 | AT4: 39.77649 | AU4: 1.5015015 | AV4: 0.2075 | AW4: 10 | AX4: 0 | AY4: 435.66066 | AZ4: 6.2312312 | BA4: 1.805281 | BB4: 4 | BC4: 1 | BD4: 5 | BE4: 2 | BF4: 4 | BG4: 2 | BH4: 5 | BI4: 2 | BJ4: 5 | BK4: 2 | BL4: 5 | BM4: 2 | BN4: 'Run_all_with_output' | BO4: ''] | BP4: 0.21637427 | BQ4: 0.32748538 | BR4: 0.45614035 | BS4: 0 | BT4: 0 | BU4: 0 | BV4: 0 | BW4: 0 | BX4: 0 | BY4: 0
A5: 3 | B5: 1 | C5: 25 | D5: 0.005 | E5: 1 | F5: 4 | G5: 3 | H5: 0.0333 | I5: 30 | J5: 50 | K5: 40.199 | L5: 40.26 | M5: 40.411 | N5: 40.26 | O5: 40.153 | P5: 0.16676259 | Q5: 0.0020313263 | R5: 0.0095584393 | S5: 1.1279609 | T5: 'p5' | U5: '40.199' | V5: 11.08294 | W5: 0.13753754 | X5: 0.09024 | Y5: 5.1365289 | Z5: 0 | AA5: 294.26754 | AB5: 2.7099099 | AC5: 0.88789213 | AD5: 13.84554 | AE5: 0.41960811 | AF5: 0.06636156 | AG5: 3.0875056 | AH5: 0 | AI5: 94.119082 | AJ5: 1.9928396 | AK5: 0.53483839 | AL5: -5.684342e-14 | AM5: 0 | AN5: 0 | AO5: 0 | AP5: 0 | AQ5: 149.71096 | AR5: 0 | AS5: 0 | AT5: 45.501677 | AU5: 1.5015015 | AV5: 0.2075 | AW5: 10 | AX5: 0 | AY5: 435.66066 | AZ5: 6.2312312 | BA5: 1.805281 | BB5: 4 | BC5: 1 | BD5: 5 | BE5: 2 | BF5: 4 | BG5: 2 | BH5: 5 | BI5: 2 | BJ5: 5 | BK5: 2 | BL5: 5 | BM5: 2 | BN5: 'Run_all_with_output' | BO5: ''] | BP5: 0.15204678 | BQ5: 0.32748538 | BR5: 0.26315789 | BS5: 0.25730994 | BT5: 0 | BU5: 0 | BV5: 0 | BW5: 0 | BX5: 0 | BY5: 0
A6: 4 | B6: 1 | C6: 25 | D6: 0.005 | E6: 1 | F6: 5 | G6: 3 | H6: 0.0333 | I6: 30 | J6: 50 | K6: 40.199 | L6: 40.26 | M6: 40.411 | N6: 40.26 | O6: 40.153 | P6: 0.10449004 | Q6: 0.002007246 | R6: 0 | S6: 1.0319226 | T6: 'p5' | U6: '40.199' | V6: 11.08294 | W6: 0.13753754 | X6: 0.09024 | Y6: 5.1365289 | Z6: 0 | AA6: 294.26754 | AB6: 2.7099099 | AC6: 0.88789213 | AD6: 13.84554 | AE6: 0.41960811 | AF6: 0.06636156 | AG6: 3.0875056 | AH6: 0 | AI6: 94.119082 | AJ6: 1.9928396 | AK6: 0.53483839 | AL6: -5.684342e-14 | AM6: 0 | AN6: 0 | AO6: 0 | AP6: 0 | AQ6: 149.71096 | AR6: 0 | AS6: 0 | AT6: 45.501677 | AU6: 1.5015015 | AV6: 0.2075 | AW6: 10 | AX6: 0 | AY6: 435.66066 | AZ6: 6.2312312 | BA6: 1.805281 | BB6: 4 | BC6: 1 | BD6: 5 | BE6: 2 | BF6: 4 | BG6: 2 | BH6: 5 | BI6: 2 | BJ6: 5 | BK6: 2 | BL6: 5 | BM6: 2 | BN6: 'Run_all_with_output' | BO6: ''] | BP6: 0.15204678 | BQ6: 0.32748538 | BR6: 0.26315789 | BS6: 0.25730994 | BT6: 0 | BU6: 0 | BV6: 0 | BW6: 0 | BX6: 0 | BY6: 0
A7: 5 | B7: 1 | C7: 25 | D7: 0.005 | E7: 1 | F7: 6 | G7: 3 | H7: 0.0333 | I7: 30 | J7: 50 | K7: 40.199 | L7: 40.26 | M7: 40.411 | N7: 40.26 | O7: 40.153 | P7: 0.24077296 | Q7: 0 | R7: 0.0051939487 | S7: 1.1114986 | T7: 'p5' | U7: '40.199' | V7: 11.08294 | W7: 0.13753754 | X7: 0.09024 | Y7: 5.1365289 | Z7: 0 | AA7: 294.26754 | AB7: 2.7099099 | AC7: 0.88789213 | AD7: 13.84554 | AE7: 0.41960811 | AF7: 0.06636156 | AG7: 3.0875056 | AH7: 0 | AI7: 94.119082 | AJ7: 1.9928396 | AK7: 0.53483839 | AL7: -5.684342e-14 | AM7: 0 | AN7: 0 | AO7: 0 | AP7: 0 | AQ7: 149.71096 | AR7: 0 | AS7: 0 | AT7: 45.501677 | AU7: 1.5015015 | AV7: 0.2075 | AW7: 10 | AX7: 0 | AY7: 435.66066 | AZ7: 6.2312312 | BA7: 1.805281 | BB7: 4 | BC7: 1 | BD7: 5 | BE7: 2 | BF7: 4 | BG7: 2 | BH7: 5 | BI7: 2 | BJ7: 5 | BK7: 2 | BL7: 5 | BM7: 2 | BN7: 'Run_all_with_output' | BO7: ''] | BP7: 0.15204678 | BQ7: 0.32748538 | BR7: 0.26315789 | BS7: 0.25730994 | BT7: 0 | BU7: 0 | BV7: 0 | BW7: 0 | BX7: 0 | BY7: 0
A8: 6 | B8: 1 | C8: 25 | D8: 0.005 | E8: 1 | F8: 7 | G8: 3 | H8: 0.0333 | I8: 30 | J8: 50 | K8: 40.199 | L8: 40.26 | M8: 40.411 | N8: 40.26 | O8: 40.153 | P8: 0.17099285 | Q8: 0.0020041466 | R8: 0.007942915 | S8: 1.0396876 | T8: 'p5' | U8: '40.199' | V8: 11.08294 | W8: 0.13753754 | X8: 0.09024 | Y8: 5.1365289 | Z8: 0 | AA8: 294.26754 | AB8: 2.7099099 | AC8: 0.88789213 | AD8: 13.84554 | AE8: 0.41960811 | AF8: 0.06636156 | AG8: 3.0875056 | AH8: 0 | AI8: 94.119082 | AJ8: 1.9928396 | AK8: 0.53483839 | AL8: -5.684342e-14 | AM8: 0 | AN8: 0 | AO8: 0 | AP8: 0 | AQ8: 149.71096 | AR8: 0 | AS8: 0 | AT8: 45.501677 | AU8: 1.5015015 | AV8: 0.2075 | AW8: 10 | AX8: 0 | AY8: 435.66066 | AZ8: 6.2312312 | BA8: 1.805281 | BB8: 4 | BC8: 1 | BD8: 5 | BE8: 2 | BF8: 4 | BG8: 2 | BH8: 5 | BI8: 2 | BJ8: 5 | BK8: 2 | BL8: 5 | BM8: 2 | BN8: 'Run_all_with_output' | BO8: ''] | BP8: 0.15204678 | BQ8: 0.32748538 | BR8: 0.26315789 | BS8: 0.25730994 | BT8: 0 | BU8: 0 | BV8: 0 | BW8: 0 | BX8: 0 | BY8: 0
A9: 7 | B9: 1 | C9: 25 | D9: 0.005 | E9: 1 | F9: 8 | G9: 3 | H9: 0.0333 | I9: 30 | J9: 50 | K9: 40.199 | L9: 40.26 | M9: 40.411 | N9: 40.26 | O9: 40.153 | P9: 0.18987894 | Q9: 0 | R9: 0.0094058514 | S9: 1.2222161 | T9: 'p5' | U9: '40.199' | V9: 11.08294 | W9: 0.13753754 | X9: 0.09024 | Y9: 5.1365289 | Z9: 0 | AA9: 294.26754 | AB9: 2.7099099 | AC9: 0.88789213 | AD9: 13.84554 | AE9: 0.41960811 | AF9: 0.06636156 | AG9: 3.0875056 | AH9: 0 | AI9: 94.119082 | AJ9: 1.9928396 | AK9: 0.53483839 | AL9: -5.684342e-14 | AM9: 0 | AN9: 0 | AO9: 0 | AP9: 0 | AQ9: 149.71096 | AR9: 0 | AS9: 0 | AT9: 45.501677 | AU9: 1.5015015 | AV9: 0.2075 | AW9: 10 | AX9: 0 | AY9: 435.66066 | AZ9: 6.2312312 | BA9: 1.805281 | BB9: 4 | BC9: 1 | BD9: 5 | BE9: 2 | BF9: 4 | BG9: 2 | BH9: 5 | BI9: 2 | BJ9: 5 | BK9: 2 | BL9: 5 | BM9: 2 | BN9: 'Run_all_with_output' | BO9: ''] | BP9: 0.15204678 | BQ9: 0.32748538 | BR9: 0.26315789 | BS9: 0.25730994 | BT9: 0 | BU9: 0 | BV9: 0 | BW9: 0 | BX9: 0 | BY9: 0
A10: 8 | B10: 1 | C10: 25 | D10: 0.005 | E10: 1 | F10: 9 | G10: 3 | H10: 0.0333 | I10: 30 | J10: 50 | K10: 40.199 | L10: 40.26 | M10: 40.411 | N10: 40.26 | O10: 40.153 | P10: 0.11633158 | Q10: 0.0020039082 | R10: 0.011804581 | S10: 1.0206053 | T10: 'p5' | U10: '40.199' | V10: 11.08294 | W10: 0.13753754 | X10: 0.09024 | Y10: 5.1365289 | Z10: 0 | AA10: 294.26754 | AB10: 2.7099099 | AC10: 0.88789213 | AD10: 13.84554 | AE10: 0.41960811 | AF10: 0.06636156 | AG10: 3.0875056 | AH10: 0 | AI10: 94.119082 | AJ10: 1.9928396 | AK10: 0.53483839 | AL10: -5.684342e-14 | AM10: 0 | AN10: 0 | AO10: 0 | AP10: 0 | AQ10: 149.71096 | AR10: 0 | AS10: 0 | AT10: 45.501677 | AU10: 1.5015015 | AV10: 0.2075 | AW10: 10 | AX10: 0 | AY10: 435.66066 | AZ10: 6.2312312 | BA10: 1.805281 | BB10: 4 | BC10: 1 | BD10: 5 | BE10: 2 | BF10: 4 | BG10: 2 | BH10: 5 | BI10: 2 | BJ10: 5 | BK10: 2 | BL10: 5 | BM10: 2 | BN10: 'Run_all_with_output' | BO10: ''] | BP10: 0.15204678 | BQ10: 0.32748538 | BR10: 0.26315789 | BS10: 0.25730994 | BT10: 0 | BU10: 0 | BV10: 0 | BW10: 0 | BX10: 0 | BY10: 0
A11: 9 | B11: 1 | C11: 25 | D11: 0.005 | E11: 1 | F11: 10 | G11: 3 | H11: 0.0333 | I11: 30 | J11: 50 | K11: 40.199 | L11: 40.26 | M11: 40.411 | N11: 40.26 | O11: 40.153 | P11: 0.23114824 | Q11: 0 | R11: 0.016341448 | S11: 1.1234131 | T11: 'p5' | U11: '40.199' | V11: 11.08294 | W11: 0.13753754 | X11: 0.09024 | Y11: 5.1365289 | Z11: 0 | AA11: 294.26754 | AB11: 2.7099099 | AC11: 0.88789213 | AD11: 13.84554 | AE11: 0.41960811 | AF11: 0.06636156 | AG11: 3.0875056 | AH11: 0 | AI11: 94.119082 | AJ11: 1.9928396 | AK11: 0.53483839 | AL11: -5.684342e-14 | AM11: 0 | AN11: 0 | AO11: 0 | AP11: 0 | AQ11: 149.71096 | AR11: 0 | AS11: 0 | AT11: 45.501677 | AU11: 1.5015015 | AV11: 0.2075 | AW11: 10 | AX11: 0 | AY11: 435.66066 | AZ11: 6.2312312 | BA11: 1.805281 | BB11: 4 | BC11: 1 | BD11: 5 | BE11: 2 | BF11: 4 | BG11: 2 | BH11: 5 | BI11: 2 | BJ11: 5 | BK11: 2 | BL11: 5 | BM11: 2 | BN11: 'Run_all_with_output' | BO11: ''] | BP11: 0.15204678 | BQ11: 0.32748538 | BR11: 0.26315789 | BS11: 0.25730994 | BT11: 0 | BU11: 0 | BV11: 0 | BW11: 0 | BX11: 0 | BY11: 0
A12: 10 | B12: 1 | C12: 25 | D12: 0.005 | E12: 1 | F12: 10 | G12: 3 | H12: 0.0333 | I12: 30 | J12: 40 | K12: 40.2215 | L12: 40.2215 | M12: 40.2915 | N12: 40.2015 | O12: 40.153 | P12: 0.20057607 | Q12: 0.0010018349 | R12: 0.010929585 | S12: 1.2412052 | T12: 'p0' | U12: '40.2215' | V12: 29.373326 | W12: 110.50848 | X12: 0.10002 | Y12: 5.6690262 | Z12: 0 | AA12: 294.3276 | AB12: 3.0036036 | AC12: 0.98377912 | AD12: 18.337705 | AE12: 72.562556 | AF12: 0.07240892 | AG12: 3.2709957 | AH12: 0 | AI12: 98.668985 | AJ12: 2.174442 | AK12: 0.56266473 | AL12: 0 | AM12: 1.5756608 | AN12: 0.02 | AO12: 1.0891089 | AP12: 0 | AQ12: 144.60586 | AR12: 0.6006006 | AS12: 0.18047728 | AT12: 74.981455 | AU12: 249.54955 | AV12: 0.23 | AW12: 10 | AX12: 0 | AY12: 442.56757 | AZ12: 6.9069069 | BA12: 1.763532 | BB12: 4 | BC12: 1 | BD12: 4 | BE12: 2 | BF12: 4 | BG12: 2 | BH12: 5 | BI12: 2 | BJ12: 4 | BK12: 2 | BL12: 5 | BM12: 2 | BN12: 'Run_all_with_output' | BO12: ''] | BP12: 0.16666667 | BQ12: 0.32323232 | BR12: 0.28787879 | BS12: 0.22222222 | BT12: 0 | BU12: 0 | BV12: 0 | BW12: 0 | BX12: 0 | BY12: 0
A13: 11 | B13: 1 | C13: 25 | D13: 0.005 | E13: 1 | F13: 10 | G13: 3 | H13: 0.0333 | I13: 30 | J13: 30 | K13: 40.2245 | L13: 40.2405 | M13: 40.422 | N13: 40.2205 | O13: 40.164 | P13: 0.40441895 | Q13: 0.0020041466 | R13: 0.014849663 | S13: 1.6444118 | T13: 'p8' | U13: '40.22449999999999' | V13: 7.521504 | W13: 0.1987988 | X13: 0.08922 | Y13: 5.016444 | Z13: 0 | AA13: 297.82309 | AB13: 2.6792793 | AC13: 0.86035383 | AD13: 10.364616 | AE13: 0.62651009 | AF13: 0.063657953 | AG13: 2.7733311 | AH13: 0 | AI13: 97.170987 | AJ13: 1.9116502 | AK13: 0.47382826 | AL13: -5.684342e-14 | AM13: 0 | AN13: 0 | AO13: 0 | AP13: 0 | AQ13: 147.90916 | AR13: 0 | AS13: 0 | AT13: 35.724855 | AU13: 2.972973 | AV13: 0.2075 | AW13: 8.3333333 | AX13: 0 | AY13: 443.16817 | AZ13: 6.2312312 | BA13: 1.4369358 | BB13: 4 | BC13: 1 | BD13: 5 | BE13: 1 | BF13: 5 | BG13: 2 | BH13: 5 | BI13: 2 | BJ13: 5 | BK13: 2 | BL13: 5 | BM13: 2 | BN13: 'Run_all_with_output' | BO13: ''] | BP13: 0.15770609 | BQ13: 0.32258065 | BR13: 0.29032258 | BS13: 0.22939068 | BT13: 0 | BU13: 0 | BV13: 0 | BW13: 0 | BX13: 0 | BY13: 0
... A666: 664 | B666: 5 | C666: 2000 | D666: 0.005 | E666: 1 | F666: 10 | G666: 3 | H666: 0.0333 | I666: 120 | J666: 50 | K666: 3348.719 | L666: 3348.719 | M666: 3348.719 | N666: 3348.719 | O666: 3348.719 | P666: 31.492463 | Q666: 0.1494081 | R666: 0.51576757 | S666: 701.15655 | T666: 'p6' | U666: '3348.7189999999737' | V666: 16.942704 | W666: 0.49493994 | X666: 0.165558 | Y666: 8.9641676 | Z666: 0 | AA666: 321.32028 | AB666: 4.9717117 | AC666: 1.540853 | AD666: 26.299712 | AE666: 1.4528984 | AF666: 0.042456627 | AG666: 1.3740617 | AH666: 0 | AI666: 62.047087 | AJ666: 1.2749738 | AK666: 0.23516006 | AL666: -5.684342e-14 | AM666: -1.1368684e-13 | AN666: 0.03 | AO666: 2.0833333 | AP666: 0 | AQ666: 177.30631 | AR666: 0.9009009 | AS666: 0.34157672 | AT666: 152.05891 | AU666: 13.198198 | AV666: 0.25 | AW666: 10 | AX666: 0 | AY666: 447.67267 | AZ666: 7.5075075 | BA666: 1.9081733 | BB666: 260 | BC666: 88 | BD666: 280 | BE666: 104 | BF666: 330 | BG666: 120 | BH666: 340 | BI666: 136 | BJ666: 390 | BK666: 152 | BL666: 390 | BM666: 170 | BN666: 'Run_all_with_output' | BO666: ''] | BP666: 7.07664e-05 | BQ666: 0 | BR666: 0 | BS666: 0 | BT666: 0.000707664 | BU666: 0.0004245984 | BV666: 0.0009907296 | BW666: 0 | BX666: 0 | BY666: 0.99780624

Sheet LAA Pivot
A1: nV | B1: 25 | D1: 25 | E1: 50 | F1: 100 | G1: 200 | H1: 500 | I1: 1000 | J1: 2000
A2: uvl | B2: 0.005 | D2: 0.005 | E2: 0.005 | F2: 0.005 | G2: 0.005 | H2: 0.005 | I2: 0.005 | J2: 0.005
A3: fsd | B3: 1 | D3: 1 | E3: 1 | F3: 1 | G3: 1 | H3: 1 | I3: 1 | J3: 1
A4: ad | B4: 50 | D4: 50 | E4: 50 | F4: 50 | G4: 50 | H4: 50 | I4: 50 | J4: 50
A5: N | B5: 10 | D5: 10 | E5: 10 | F5: 10 | G5: 10 | H5: 10 | I5: 10 | J5: 10
A6: dwl | B6: 30 | D6: 30 | E6: 30 | F6: 30 | G6: 30 | H6: 30 | I6: 30 | J6: 30
A7: charging_speed | B7: 0.0333 | D7: 0.0333 | E7: 0.0333 | F7: 0.0333 | G7: 0.0333 | H7: 0.0333 | I7: 0.0333 | J7: 0.0333
A8: dc | B8: 3 | D8: 3 | E8: 3 | F8: 3 | G8: 3 | H8: 3 | I8: 3 | J8: 3
A10: Values
A11: Average of mean_delay_to_entry_(minute) | B11: 10.59277 | D11: 10.59277 | E11: 14.270146 | F11: 13.600236 | G11: 16.231897 | H11: 14.99395 | I11: 13.836076 | J11: 12.599325
A12: Average of mean_sum_waiting_platoon_(minute) | B12: 8.9149418 | D12: 8.9149418 | E12: 9.7067937 | F12: 0.50633634 | G12: 0.40226727 | H12: 0.57619219 | I12: 2.9587868 | J12: 4.6019426
A13: Average of mean_Saving_energy | B13: 0.099928 | D13: 0.099928 | E13: 0.123324 | F13: 0.137594 | G13: 0.1517445 | H13: 0.1560902 | I13: 0.1575784 | J13: 0.15692181
A14: Average of mean_Saving_energy(%) | B14: 5.5052854 | D14: 5.5052854 | E14: 6.7547936 | F14: 7.7710971 | G14: 8.5045681 | H14: 8.8118653 | I14: 8.9129647 | J14: 8.96279
A15: Average of mean_before_due_time_(minute) | B15: -1.8567612 | D15: -1.8567612 | E15: -1.5961814 | F15: -0.99940994 | G15: 0 | H15: 0 | I15: -0.58416367 | J15: -0.80743778
A16: Average of mean_duration_trip_alone_(minute) | B16: 308.09032 | D16: 308.09032 | E16: 310.56176 | F16: 303.5705 | G16: 307.77488 | H16: 307.3637 | I16: 307.39421 | J16: 305.00935
A17: Average of mean_Saving_time_(minute) | B17: 3.0008408 | D17: 3.0008408 | E17: 3.7034234 | F17: 4.131952 | G17: 4.5568919 | H17: 4.6873934 | I17: 4.7320841 | J17: 4.7123667
A18: Average of mean_Saving_time(%) | B18: 0.94666061 | D18: 0.94666061 | E18: 1.1568405 | F18: 1.3383925 | G18: 1.4612664 | H18: 1.5144178 | I18: 1.531035 | J18: 1.5394781
A19: Average of min_duration_trip_alone_(minute) | B19: 172.33438 | D19: 172.33438 | E19: 173.41547 | F19: 171.5536 | G19: 164.58664 | H19: 163.68574 | I19: 163.05511 | J19: 158.40372
A20: Average of min_Saving_time_(minute) | B20: 0.15615616 | D20: 0.15615616 | E20: 0.26726727 | F20: 0.32132132 | G20: 0.57957958 | H20: 0.63963964 | I20: 0.48348348 | J20: 0.4954955
A21: Average of min_Saving_time(%) | B21: 0.04986953 | D21: 0.04986953 | E21: 0.085538436 | F21: 0.10270056 | G21: 0.29180288 | H21: 0.29885129 | I21: 0.22468224 | J21: 0.21869438
A22: Average of max_delay_to_entry_(minute) | B22: 48.03409 | D22: 48.03409 | E22: 55.62848 | F22: 72.745944 | G22: 97.869452 | H22: 116.08225 | I22: 134.37668 | J22: 117.56433
... A52: Average of platoon_size_10 | B52: 0 | D52: 0 | E52: 0 | F52: 0.17232284 | G52: 0.64080068 | H52: 0.86828914 | I52: 0.94693456 | J52: 0.9893129

Sheet MILP
A1: case | B1: seed | C1: nV | D1: uvl | E1: fsd | F1: N | G1: dc | H1: cs | I1: dwl | J1: ad | K1: obj MILP | L1: CPU MILP | M1: GAP MILP | N1: Gurobi Status | O1: NumVars | P1: NumConstrs | Q1: NumSOS | R1: NumQConstrs | S1: NumGenConstrs | T1: NumNZs | U1: DNumNZs | V1: NumQNZs | W1: NumQCNZs | X1: NumIntVars | Y1: NumBinVars | Z1: NumPWLObjVars | AA1: ModelName | AB1: ModelSense | AC1: ObjCon | AD1: Fingerprint | AE1: ObjVal | AF1: ObjBound | AG1: ObjBoundC | AH1: PoolObjBound | AI1: PoolObjVal | AJ1: MIP Gap | AK1: Runtime | AL1: Work | AM1: Status | AN1: SolCount | AO1: IterCount | AP1: BarIterCount | AQ1: NodeCount | AR1: OpenNodeCount | AS1: ConcurrentWinMethod | AT1: IsMIP | AU1: IsQP | AV1: IsQCP | AW1: IsMultiObj | AX1: IISMinimal | AY1: MaxCoeff | AZ1: MinCoeff | BA1: MaxBound | BB1: MinBound | BC1: MaxObjCoeff | BD1: MinObjCoeff | BE1: MaxRHS | BF1: MinRHS | BG1: MaxQCCoeff | BH1: MinQCCoeff | BI1: MaxQCRHS | BJ1: MinQCRHS | BK1: MaxQObjCoeff | BL1: MinQObjCoeff | BM1: Kappa | BN1: KappaExact | BO1: FarkasProof | BP1: TuneResultCount | BQ1: NumStart | BR1: LicenseExpiration | BS1: LB | BT1: UB | BU1: Obj | BV1: VType | BW1: VarName | BX1: VTag | BY1: X | BZ1: Xn | CA1: RC | CB1: BarX | CC1: Start | CD1: VarHintVal | CE1: VarHintPri | CF1: BranchPriority | CG1: Partition | CH1: VBasis | CI1: PStart | CJ1: IISLB | CK1: IISUB | CL1: IISLBForce | CM1: IISUBForce | CN1: PoolIgnore | CO1: PWLObjCvx | CP1: SAObjLow | CQ1: SAObjUp | CR1: SALBLow | CS1: SALBUp | CT1: SAUBLow | CU1: SAUBUp | CV1: UnbdRay | CW1: Sense | CX1: RHS | CY1: ConstrName | CZ1: CTag | DA1: Pi | DB1: Slack | DC1: CBasis | DD1: DStart | DE1: Lazy | DF1: IISConstr | DG1: IISConstrForce | DH1: SARHSLow | DI1: SARHSUp | DJ1: FarkasDual | DK1: IISSOS | DL1: IISSOSForce | DM1: QCSense | DN1: QCRHS | DO1: QCName | DP1: QCPi | DQ1: QCSlack | DR1: QCTag | DS1: IISQConstr | DT1: IISQConstrForce | DU1: FuncPieceError | DV1: FuncPieceLength | DW1: FuncPieceRatio | DX1: FuncPieces | DY1: GenConstrType | DZ1: GenConstrName | EA1: IISGenConstr | EB1: IISGenConstrForce | EC1: MaxVio | ED1: BoundVio | EE1: BoundSVio | EF1: BoundVioIndex | EG1: BoundSVioIndex | EH1: BoundVioSum | EI1: BoundSVioSum | EJ1: ConstrVio | EK1: ConstrSVio | EL1: ConstrVioIndex | EM1: ConstrSVioIndex | EN1: ConstrVioSum | EO1: ConstrSVioSum | EP1: ConstrResidual | EQ1: ConstrSResidual | ER1: ConstrResidualIndex | ES1: ConstrSResidualIndex | ET1: ConstrResidualSum | EU1: ConstrSResidualSum | EV1: DualVio | EW1: DualSVio | EX1: DualVioIndex | EY1: DualSVioIndex | EZ1: DualVioSum | FA1: DualSVioSum | FB1: DualResidual | FC1: DualSResidual | FD1: DualResidualIndex | FE1: DualSResidualIndex | FF1: DualResidualSum | FG1: DualSResidualSum | FH1: ComplVio | FI1: ComplVioIndex | FJ1: ComplVioSum | FK1: IntVio | FL1: IntVioIndex | FM1: IntVioSum | FN1: ObjN | FO1: ObjNCon | FP1: ObjNPriority | FQ1: ObjNWeight | FR1: ObjNRelTol | FS1: ObjNAbsTol | FT1: ObjNVal | FU1: ObjNName | FV1: NumObj | FW1: ScenNLB | FX1: ScenNUB | FY1: ScenNObj | FZ1: ScenNRHS | GA1: ScenNName | GB1: ScenNObjBound | GC1: ScenNObjVal | GD1: ScenNX | GE1: NumScenarios | GF1: BatchErrorCode | GG1: BatchErrorMessage | GH1: BatchID | GI1: BatchStatus | GJ1: Note
A2: 0 | B2: 1 | C2: 25 | D2: 0.005 | E2: 1 | F2: 1 | G2: 3 | H2: 0.0333 | I2: 30 | J2: 50 | K2: 42.455 | L2: 0.0091 | M2: 0 | O2: 5656 | P2: 7987 | Q2: 0 | R2: 0 | S2: 0 | T2: 15769 | U2: 15769 | V2: 0 | W2: 0 | X2: 4480 | Y2: 4480 | Z2: 0 | AA2: 'Platoon_Tree' | AB2: 1 | AC2: 0 | AD2: 1720353965 | AE2: 42.455 | AF2: 42.455 | AG2: 42.455 | AH2: 42.455 | AI2: 42.455 | AJ2: 0 | AK2: 0.017999887 | AL2: 0.0076847452 | AM2: 2 | AN2: 2 | AO2: 0 | AP2: 0 | AQ2: 0 | AR2: 0 | AS2: -1 | AT2: 1 | AU2: 0 | AV2: 0 | AW2: 0 | AX2: 0 | AY2: 835 | AZ2: 0.0195 | BA2: 1 | BB2: 1 | BC2: 1 | BD2: 1 | BE2: 1670 | BF2: 0.02 | BG2: 0 | BH2: 0 | BI2: 0 | BJ2: 0 | BK2: 0 | BL2: 0 | BM2: 0 | BN2: 0 | BO2: 0 | BP2: 0 | BQ2: 0 | BR2: 99999999 | BS2: 'L' | BT2: 'L' | BU2: 'L' | BV2: 'L' | BW2: 'L' | BX2: 'L' | BY2: 'L' | BZ2: 'L' | CA2: 0 | CB2: 0 | CC2: 'L' | CD2: 'L' | CE2: 'L' | CF2: 'L' | CG2: 'L' | CH2: 0 | CI2: 0 | CJ2: 0 | CK2: 0 | CL2: 'L' | CM2: 'L' | CN2: 'L' | CO2: 'L' | CP2: 0 | CQ2: 0 | CR2: 0 | CS2: 0 | CT2: 0 | CU2: 0 | CV2: 0 | CW2: 'L' | CX2: 'L' | CY2: 'L' | CZ2: 'L' | DA2: 0 | DB2: 'L' | DC2: 0 | DD2: 0 | DE2: 'L' | DF2: 0 | DG2: 'L' | DH2: 0 | DI2: 0 | DJ2: 0 | DK2: 'L' | DL2: 'L' | DM2: 'L' | DN2: 'L' | DO2: 'L' | DP2: 'L' | DQ2: 'L' | DR2: 'L' | DS2: 'L' | DT2: 'L' | DU2: 'L' | DV2: 'L' | DW2: 'L' | DX2: 'L' | DY2: 'L' | DZ2: 'L' | EA2: 'L' | EB2: 'L' | EC2: 1.1368684e-13 | ED2: 0 | EE2: 0 | EF2: -1 | EG2: 0 | EH2: 0 | EI2: 0 | EJ2: 1.1368684e-13 | EK2: 0 | EL2: 5339 | EM2: 0 | EN2: 1.5955709e-12 | EO2: 0 | EP2: 0 | EQ2: 0 | ER2: 0 | ES2: 0 | ET2: 0 | EU2: 0 | EV2: 0 | EW2: 0 | EX2: 0 | EY2: 0 | EZ2: 0 | FA2: 0 | FB2: 0 | FC2: 0 | FD2: 0 | FE2: 0 | FF2: 0 | FG2: 0 | FH2: 0 | FI2: 0 | FJ2: 0 | FK2: 0 | FL2: -1 | FM2: 0 | FN2: 0 | FO2: 0 | FP2: 0 | FQ2: 0 | FR2: 0 | FS2: 0 | FT2: 0 | FU2: 0 | FV2: 1 | FW2: 0 | FX2: 0 | FY2: 0 | FZ2: 0 | GA2: 0 | GB2: 0 | GC2: 0 | GD2: 0 | GE2: 0 | GF2: 0 | GG2: 0 | GH2: 0 | GI2: 0 | GJ2: 5656 | GK2: 7987 | GL2: 0 | GM2: 0 | GN2: 0 | GO2: 15769 | GP2: 15769 | GQ2: 0 | GR2: 0 | GS2: 4480 | GT2: 4480 | GU2: 0 | GV2: 'Platoon_Tree' | GW2: 1 | GX2: 0 | GY2: 1720353965 | GZ2: 42.455 | HA2: 42.455 | HB2: 42.455 | HC2: 42.455 | HD2: 42.455 | HE2: 0 | HF2: 0.017999887 | HG2: 0.0076847452 | HH2: 2 | HI2: 2 | HJ2: 0 | HK2: 0 | HL2: 0 | HM2: 0 | HN2: -1 | HO2: 1 | HP2: 0 | HQ2: 0 | HR2: 0 | HS2: 0 | HT2: 835 | HU2: 0.0195 | HV2: 1 | HW2: 1 | HX2: 1 | HY2: 1 | HZ2: 1670 | IA2: 0.02 | IB2: 0 | IC2: 0 | ID2: 0 | IE2: 0 | IF2: 0 | IG2: 0 | IH2: 0 | II2: 0 | IJ2: 0 | IK2: 0 | IL2: 0 | IM2: 99999999 | IN2: 'L' | IO2: 'L' | IP2: 'L' | IQ2: 'L' | IR2: 'L' | IS2: 'L' | IT2: 'L' | IU2: 'L' | IV2: 0 | IW2: 0 | IX2: 'L' | IY2: 'L' | IZ2: 'L' | JA2: 'L' | JB2: 'L' | JC2: 0 | JD2: 0 | JE2: 0 | JF2: 0 | JG2: 'L' | JH2: 'L' | JI2: 'L' | JJ2: 'L' | JK2: 0 | JL2: 0 | JM2: 0 | JN2: 0 | JO2: 0 | JP2: 0 | JQ2: 0 | JR2: 'L' | JS2: 'L' | JT2: 'L' | JU2: 'L' | JV2: 0 | JW2: 'L' | JX2: 0 | JY2: 0 | JZ2: 'L' | KA2: 0 | KB2: 'L' | KC2: 0 | KD2: 0 | KE2: 0 | KF2: 'L' | KG2: 'L' | KH2: 'L' | KI2: 'L' | KJ2: 'L' | KK2: 'L' | KL2: 'L' | KM2: 'L' | KN2: 'L' | KO2: 'L' | KP2: 'L' | KQ2: 'L' | KR2: 'L' | KS2: 'L' | KT2: 'L' | KU2: 'L' | KV2: 'L' | KW2: 'L' | KX2: 1.1368684e-13 | KY2: 0 | KZ2: 0 | LA2: -1 | LB2: 0 | LC2: 0 | LD2: 0 | LE2: 1.1368684e-13 | LF2: 0 | LG2: 5339 | LH2: 0 | LI2: 1.5955709e-12 | LJ2: 0 | LK2: 0 | LL2: 0 | LM2: 0 | LN2: 0 | LO2: 0 | LP2: 0 | LQ2: 0 | LR2: 0 | LS2: 0 | LT2: 0 | LU2: 0 | LV2: 0 | LW2: 0 | LX2: 0 | LY2: 0 | LZ2: 0 | MA2: 0 | MB2: 0 | MC2: 0 | MD2: 0 | ME2: 0 | MF2: 0 | MG2: -1 | MH2: 0 | MI2: 0 | MJ2: 0 | MK2: 0 | ML2: 0 | MM2: 0 | MN2: 0 | MO2: 0 | MP2: 0 | MQ2: 1 | MR2: 0 | MS2: 0 | MT2: 0 | MU2: 0 | MV2: 0 | MW2: 0 | MX2: 0 | MY2: 0 | MZ2: 0 | NA2: 0 | NB2: 0 | NC2: 0 | ND2: 0 | NE2: 'line']
A3: 1 | B3: 1 | C3: 25 | D3: 0.005 | E3: 1 | F3: 2 | G3: 3 | H3: 0.0333 | I3: 30 | J3: 50 | K3: 40.838 | L3: 0.0754 | M3: 0 | O3: 5656 | P3: 7987 | Q3: 0 | R3: 0 | S3: 0 | T3: 15965 | U3: 15965 | V3: 0 | W3: 0 | X3: 4480 | Y3: 4480 | Z3: 0 | AA3: 'Platoon_Tree' | AB3: 1 | AC3: 0 | AD3: -2034421962 | AE3: 40.838 | AF3: 40.838 | AG3: 40.838 | AH3: 40.838 | AI3: 40.838 | AJ3: 0 | AK3: 0.072000027 | AL3: 0.071914464 | AM3: 2 | AN3: 2 | AO3: 92 | AP3: 0 | AQ3: 1 | AR3: 0 | AS3: -1 | AT3: 1 | AU3: 0 | AV3: 0 | AW3: 0 | AX3: 0 | AY3: 835 | AZ3: 0.0195 | BA3: 1 | BB3: 1 | BC3: 1 | BD3: 1 | BE3: 1670 | BF3: 0.02 | BG3: 0 | BH3: 0 | BI3: 0 | BJ3: 0 | BK3: 0 | BL3: 0 | BM3: 0 | BN3: 0 | BO3: 0 | BP3: 0 | BQ3: 0 | BR3: 99999999 | BS3: 'L' | BT3: 'L' | BU3: 'L' | BV3: 'L' | BW3: 'L' | BX3: 'L' | BY3: 'L' | BZ3: 'L' | CA3: 0 | CB3: 0 | CC3: 'L' | CD3: 'L' | CE3: 'L' | CF3: 'L' | CG3: 'L' | CH3: 0 | CI3: 0 | CJ3: 0 | CK3: 0 | CL3: 'L' | CM3: 'L' | CN3: 'L' | CO3: 'L' | CP3: 0 | CQ3: 0 | CR3: 0 | CS3: 0 | CT3: 0 | CU3: 0 | CV3: 0 | CW3: 'L' | CX3: 'L' | CY3: 'L' | CZ3: 'L' | DA3: 0 | DB3: 'L' | DC3: 0 | DD3: 0 | DE3: 'L' | DF3: 0 | DG3: 'L' | DH3: 0 | DI3: 0 | DJ3: 0 | DK3: 'L' | DL3: 'L' | DM3: 'L' | DN3: 'L' | DO3: 'L' | DP3: 'L' | DQ3: 'L' | DR3: 'L' | DS3: 'L' | DT3: 'L' | DU3: 'L' | DV3: 'L' | DW3: 'L' | DX3: 'L' | DY3: 'L' | DZ3: 'L' | EA3: 'L' | EB3: 'L' | EC3: 2.2737368e-13 | ED3: 0 | EE3: 0 | EF3: -1 | EG3: 0 | EH3: 0 | EI3: 0 | EJ3: 2.2737368e-13 | EK3: 0 | EL3: 5622 | EM3: 0 | EN3: 3.4965225e-12 | EO3: 0 | EP3: 0 | EQ3: 0 | ER3: 0 | ES3: 0 | ET3: 0 | EU3: 0 | EV3: 0 | EW3: 0 | EX3: 0 | EY3: 0 | EZ3: 0 | FA3: 0 | FB3: 0 | FC3: 0 | FD3: 0 | FE3: 0 | FF3: 0 | FG3: 0 | FH3: 0 | FI3: 0 | FJ3: 0 | FK3: 0 | FL3: -1 | FM3: 0 | FN3: 0 | FO3: 0 | FP3: 0 | FQ3: 0 | FR3: 0 | FS3: 0 | FT3: 0 | FU3: 0 | FV3: 1 | FW3: 0 | FX3: 0 | FY3: 0 | FZ3: 0 | GA3: 0 | GB3: 0 | GC3: 0 | GD3: 0 | GE3: 0 | GF3: 0 | GG3: 0 | GH3: 0 | GI3: 0 | GJ3: 5656 | GK3: 7987 | GL3: 0 | GM3: 0 | GN3: 0 | GO3: 15965 | GP3: 15965 | GQ3: 0 | GR3: 0 | GS3: 4480 | GT3: 4480 | GU3: 0 | GV3: 'Platoon_Tree' | GW3: 1 | GX3: 0 | GY3: -2034421962 | GZ3: 40.838 | HA3: 40.838 | HB3: 40.838 | HC3: 40.838 | HD3: 40.838 | HE3: 0 | HF3: 0.072000027 | HG3: 0.071914464 | HH3: 2 | HI3: 2 | HJ3: 92 | HK3: 0 | HL3: 1 | HM3: 0 | HN3: -1 | HO3: 1 | HP3: 0 | HQ3: 0 | HR3: 0 | HS3: 0 | HT3: 835 | HU3: 0.0195 | HV3: 1 | HW3: 1 | HX3: 1 | HY3: 1 | HZ3: 1670 | IA3: 0.02 | IB3: 0 | IC3: 0 | ID3: 0 | IE3: 0 | IF3: 0 | IG3: 0 | IH3: 0 | II3: 0 | IJ3: 0 | IK3: 0 | IL3: 0 | IM3: 99999999 | IN3: 'L' | IO3: 'L' | IP3: 'L' | IQ3: 'L' | IR3: 'L' | IS3: 'L' | IT3: 'L' | IU3: 'L' | IV3: 0 | IW3: 0 | IX3: 'L' | IY3: 'L' | IZ3: 'L' | JA3: 'L' | JB3: 'L' | JC3: 0 | JD3: 0 | JE3: 0 | JF3: 0 | JG3: 'L' | JH3: 'L' | JI3: 'L' | JJ3: 'L' | JK3: 0 | JL3: 0 | JM3: 0 | JN3: 0 | JO3: 0 | JP3: 0 | JQ3: 0 | JR3: 'L' | JS3: 'L' | JT3: 'L' | JU3: 'L' | JV3: 0 | JW3: 'L' | JX3: 0 | JY3: 0 | JZ3: 'L' | KA3: 0 | KB3: 'L' | KC3: 0 | KD3: 0 | KE3: 0 | KF3: 'L' | KG3: 'L' | KH3: 'L' | KI3: 'L' | KJ3: 'L' | KK3: 'L' | KL3: 'L' | KM3: 'L' | KN3: 'L' | KO3: 'L' | KP3: 'L' | KQ3: 'L' | KR3: 'L' | KS3: 'L' | KT3: 'L' | KU3: 'L' | KV3: 'L' | KW3: 'L' | KX3: 2.2737368e-13 | KY3: 0 | KZ3: 0 | LA3: -1 | LB3: 0 | LC3: 0 | LD3: 0 | LE3: 2.2737368e-13 | LF3: 0 | LG3: 5622 | LH3: 0 | LI3: 3.4965225e-12 | LJ3: 0 | LK3: 0 | LL3: 0 | LM3: 0 | LN3: 0 | LO3: 0 | LP3: 0 | LQ3: 0 | LR3: 0 | LS3: 0 | LT3: 0 | LU3: 0 | LV3: 0 | LW3: 0 | LX3: 0 | LY3: 0 | LZ3: 0 | MA3: 0 | MB3: 0 | MC3: 0 | MD3: 0 | ME3: 0 | MF3: 0 | MG3: -1 | MH3: 0 | MI3: 0 | MJ3: 0 | MK3: 0 | ML3: 0 | MM3: 0 | MN3: 0 | MO3: 0 | MP3: 0 | MQ3: 1 | MR3: 0 | MS3: 0 | MT3: 0 | MU3: 0 | MV3: 0 | MW3: 0 | MX3: 0 | MY3: 0 | MZ3: 0 | NA3: 0 | NB3: 0 | NC3: 0 | ND3: 0 | NE3: 'line']
A4: 2 | B4: 1 | C4: 25 | D4: 0.005 | E4: 1 | F4: 3 | G4: 3 | H4: 0.0333 | I4: 30 | J4: 50 | K4: 40.4995 | L4: 0.0972 | M4: 0 | O4: 5656 | P4: 7987 | Q4: 0 | R4: 0 | S4: 0 | T4: 15965 | U4: 15965 | V4: 0 | W4: 0 | X4: 4480 | Y4: 4480 | Z4: 0 | AA4: 'Platoon_Tree' | AB4: 1 | AC4: 0 | AD4: 1998780635 | AE4: 40.4995 | AF4: 40.4995 | AG4: 40.4995 | AH4: 40.4995 | AI4: 40.4995 | AJ4: 0 | AK4: 0.083000183 | AL4: 0.089824318 | AM4: 2 | AN4: 3 | AO4: 238 | AP4: 0 | AQ4: 1 | AR4: 1 | AS4: -1 | AT4: 1 | AU4: 0 | AV4: 0 | AW4: 0 | AX4: 0 | AY4: 835 | AZ4: 0.0195 | BA4: 1 | BB4: 1 | BC4: 1 | BD4: 1 | BE4: 1670 | BF4: 0.02 | BG4: 0 | BH4: 0 | BI4: 0 | BJ4: 0 | BK4: 0 | BL4: 0 | BM4: 0 | BN4: 0 | BO4: 0 | BP4: 0 | BQ4: 0 | BR4: 99999999 | BS4: 'L' | BT4: 'L' | BU4: 'L' | BV4: 'L' | BW4: 'L' | BX4: 'L' | BY4: 'L' | BZ4: 'L' | CA4: 0 | CB4: 0 | CC4: 'L' | CD4: 'L' | CE4: 'L' | CF4: 'L' | CG4: 'L' | CH4: 0 | CI4: 0 | CJ4: 0 | CK4: 0 | CL4: 'L' | CM4: 'L' | CN4: 'L' | CO4: 'L' | CP4: 0 | CQ4: 0 | CR4: 0 | CS4: 0 | CT4: 0 | CU4: 0 | CV4: 0 | CW4: 'L' | CX4: 'L' | CY4: 'L' | CZ4: 'L' | DA4: 0 | DB4: 'L' | DC4: 0 | DD4: 0 | DE4: 'L' | DF4: 0 | DG4: 'L' | DH4: 0 | DI4: 0 | DJ4: 0 | DK4: 'L' | DL4: 'L' | DM4: 'L' | DN4: 'L' | DO4: 'L' | DP4: 'L' | DQ4: 'L' | DR4: 'L' | DS4: 'L' | DT4: 'L' | DU4: 'L' | DV4: 'L' | DW4: 'L' | DX4: 'L' | DY4: 'L' | DZ4: 'L' | EA4: 'L' | EB4: 'L' | EC4: 2.2737368e-13 | ED4: 0 | EE4: 0 | EF4: -1 | EG4: 0 | EH4: 0 | EI4: 0 | EJ4: 2.2737368e-13 | EK4: 0 | EL4: 5467 | EM4: 0 | EN4: 3.5462779e-12 | EO4: 0 | EP4: 0 | EQ4: 0 | ER4: 0 | ES4: 0 | ET4: 0 | EU4: 0 | EV4: 0 | EW4: 0 | EX4: 0 | EY4: 0 | EZ4: 0 | FA4: 0 | FB4: 0 | FC4: 0 | FD4: 0 | FE4: 0 | FF4: 0 | FG4: 0 | FH4: 0 | FI4: 0 | FJ4: 0 | FK4: 0 | FL4: -1 | FM4: 0 | FN4: 0 | FO4: 0 | FP4: 0 | FQ4: 0 | FR4: 0 | FS4: 0 | FT4: 0 | FU4: 0 | FV4: 1 | FW4: 0 | FX4: 0 | FY4: 0 | FZ4: 0 | GA4: 0 | GB4: 0 | GC4: 0 | GD4: 0 | GE4: 0 | GF4: 0 | GG4: 0 | GH4: 0 | GI4: 0 | GJ4: 5656 | GK4: 7987 | GL4: 0 | GM4: 0 | GN4: 0 | GO4: 15965 | GP4: 15965 | GQ4: 0 | GR4: 0 | GS4: 4480 | GT4: 4480 | GU4: 0 | GV4: 'Platoon_Tree' | GW4: 1 | GX4: 0 | GY4: 1998780635 | GZ4: 40.4995 | HA4: 40.4995 | HB4: 40.4995 | HC4: 40.4995 | HD4: 40.4995 | HE4: 0 | HF4: 0.083000183 | HG4: 0.089824318 | HH4: 2 | HI4: 3 | HJ4: 238 | HK4: 0 | HL4: 1 | HM4: 1 | HN4: -1 | HO4: 1 | HP4: 0 | HQ4: 0 | HR4: 0 | HS4: 0 | HT4: 835 | HU4: 0.0195 | HV4: 1 | HW4: 1 | HX4: 1 | HY4: 1 | HZ4: 1670 | IA4: 0.02 | IB4: 0 | IC4: 0 | ID4: 0 | IE4: 0 | IF4: 0 | IG4: 0 | IH4: 0 | II4: 0 | IJ4: 0 | IK4: 0 | IL4: 0 | IM4: 99999999 | IN4: 'L' | IO4: 'L' | IP4: 'L' | IQ4: 'L' | IR4: 'L' | IS4: 'L' | IT4: 'L' | IU4: 'L' | IV4: 0 | IW4: 0 | IX4: 'L' | IY4: 'L' | IZ4: 'L' | JA4: 'L' | JB4: 'L' | JC4: 0 | JD4: 0 | JE4: 0 | JF4: 0 | JG4: 'L' | JH4: 'L' | JI4: 'L' | JJ4: 'L' | JK4: 0 | JL4: 0 | JM4: 0 | JN4: 0 | JO4: 0 | JP4: 0 | JQ4: 0 | JR4: 'L' | JS4: 'L' | JT4: 'L' | JU4: 'L' | JV4: 0 | JW4: 'L' | JX4: 0 | JY4: 0 | JZ4: 'L' | KA4: 0 | KB4: 'L' | KC4: 0 | KD4: 0 | KE4: 0 | KF4: 'L' | KG4: 'L' | KH4: 'L' | KI4: 'L' | KJ4: 'L' | KK4: 'L' | KL4: 'L' | KM4: 'L' | KN4: 'L' | KO4: 'L' | KP4: 'L' | KQ4: 'L' | KR4: 'L' | KS4: 'L' | KT4: 'L' | KU4: 'L' | KV4: 'L' | KW4: 'L' | KX4: 2.2737368e-13 | KY4: 0 | KZ4: 0 | LA4: -1 | LB4: 0 | LC4: 0 | LD4: 0 | LE4: 2.2737368e-13 | LF4: 0 | LG4: 5467 | LH4: 0 | LI4: 3.5462779e-12 | LJ4: 0 | LK4: 0 | LL4: 0 | LM4: 0 | LN4: 0 | LO4: 0 | LP4: 0 | LQ4: 0 | LR4: 0 | LS4: 0 | LT4: 0 | LU4: 0 | LV4: 0 | LW4: 0 | LX4: 0 | LY4: 0 | LZ4: 0 | MA4: 0 | MB4: 0 | MC4: 0 | MD4: 0 | ME4: 0 | MF4: 0 | MG4: -1 | MH4: 0 | MI4: 0 | MJ4: 0 | MK4: 0 | ML4: 0 | MM4: 0 | MN4: 0 | MO4: 0 | MP4: 0 | MQ4: 1 | MR4: 0 | MS4: 0 | MT4: 0 | MU4: 0 | MV4: 0 | MW4: 0 | MX4: 0 | MY4: 0 | MZ4: 0 | NA4: 0 | NB4: 0 | NC4: 0 | ND4: 0 | NE4: 'line']
A5: 3 | B5: 1 | C5: 25 | D5: 0.005 | E5: 1 | F5: 4 | G5: 3 | H5: 0.0333 | I5: 30 | J5: 50 | K5: 40.26 | L5: 0.0791 | M5: 0 | O5: 5656 | P5: 7987 | Q5: 0 | R5: 0 | S5: 0 | T5: 15965 | U5: 15965 | V5: 0 | W5: 0 | X5: 4480 | Y5: 4480 | Z5: 0 | AA5: 'Platoon_Tree' | AB5: 1 | AC5: 0 | AD5: 476511389 | AE5: 40.26 | AF5: 40.26 | AG5: 40.26 | AH5: 40.26 | AI5: 40.26 | AJ5: 0 | AK5: 0.077000141 | AL5: 0.074648202 | AM5: 2 | AN5: 5 | AO5: 294 | AP5: 0 | AQ5: 1 | AR5: 1 | AS5: -1 | AT5: 1 | AU5: 0 | AV5: 0 | AW5: 0 | AX5: 0 | AY5: 835 | AZ5: 0.0195 | BA5: 1 | BB5: 1 | BC5: 1 | BD5: 1 | BE5: 1670 | BF5: 0.02 | BG5: 0 | BH5: 0 | BI5: 0 | BJ5: 0 | BK5: 0 | BL5: 0 | BM5: 0 | BN5: 0 | BO5: 0 | BP5: 0 | BQ5: 0 | BR5: 99999999 | BS5: 'L' | BT5: 'L' | BU5: 'L' | BV5: 'L' | BW5: 'L' | BX5: 'L' | BY5: 'L' | BZ5: 'L' | CA5: 0 | CB5: 0 | CC5: 'L' | CD5: 'L' | CE5: 'L' | CF5: 'L' | CG5: 'L' | CH5: 0 | CI5: 0 | CJ5: 0 | CK5: 0 | CL5: 'L' | CM5: 'L' | CN5: 'L' | CO5: 'L' | CP5: 0 | CQ5: 0 | CR5: 0 | CS5: 0 | CT5: 0 | CU5: 0 | CV5: 0 | CW5: 'L' | CX5: 'L' | CY5: 'L' | CZ5: 'L' | DA5: 0 | DB5: 'L' | DC5: 0 | DD5: 0 | DE5: 'L' | DF5: 0 | DG5: 'L' | DH5: 0 | DI5: 0 | DJ5: 0 | DK5: 'L' | DL5: 'L' | DM5: 'L' | DN5: 'L' | DO5: 'L' | DP5: 'L' | DQ5: 'L' | DR5: 'L' | DS5: 'L' | DT5: 'L' | DU5: 'L' | DV5: 'L' | DW5: 'L' | DX5: 'L' | DY5: 'L' | DZ5: 'L' | EA5: 'L' | EB5: 'L' | EC5: 9.6633812e-13 | ED5: 0 | EE5: 0 | EF5: -1 | EG5: 0 | EH5: 0 | EI5: 0 | EJ5: 9.6633812e-13 | EK5: 0 | EL5: 7232 | EM5: 0 | EN5: 1.1110089e-11 | EO5: 0 | EP5: 0 | EQ5: 0 | ER5: 0 | ES5: 0 | ET5: 0 | EU5: 0 | EV5: 0 | EW5: 0 | EX5: 0 | EY5: 0 | EZ5: 0 | FA5: 0 | FB5: 0 | FC5: 0 | FD5: 0 | FE5: 0 | FF5: 0 | FG5: 0 | FH5: 0 | FI5: 0 | FJ5: 0 | FK5: 0 | FL5: -1 | FM5: 0 | FN5: 0 | FO5: 0 | FP5: 0 | FQ5: 0 | FR5: 0 | FS5: 0 | FT5: 0 | FU5: 0 | FV5: 1 | FW5: 0 | FX5: 0 | FY5: 0 | FZ5: 0 | GA5: 0 | GB5: 0 | GC5: 0 | GD5: 0 | GE5: 0 | GF5: 0 | GG5: 0 | GH5: 0 | GI5: 0 | GJ5: 5656 | GK5: 7987 | GL5: 0 | GM5: 0 | GN5: 0 | GO5: 15965 | GP5: 15965 | GQ5: 0 | GR5: 0 | GS5: 4480 | GT5: 4480 | GU5: 0 | GV5: 'Platoon_Tree' | GW5: 1 | GX5: 0 | GY5: 476511389 | GZ5: 40.26 | HA5: 40.26 | HB5: 40.26 | HC5: 40.26 | HD5: 40.26 | HE5: 0 | HF5: 0.077000141 | HG5: 0.074648202 | HH5: 2 | HI5: 5 | HJ5: 294 | HK5: 0 | HL5: 1 | HM5: 1 | HN5: -1 | HO5: 1 | HP5: 0 | HQ5: 0 | HR5: 0 | HS5: 0 | HT5: 835 | HU5: 0.0195 | HV5: 1 | HW5: 1 | HX5: 1 | HY5: 1 | HZ5: 1670 | IA5: 0.02 | IB5: 0 | IC5: 0 | ID5: 0 | IE5: 0 | IF5: 0 | IG5: 0 | IH5: 0 | II5: 0 | IJ5: 0 | IK5: 0 | IL5: 0 | IM5: 99999999 | IN5: 'L' | IO5: 'L' | IP5: 'L' | IQ5: 'L' | IR5: 'L' | IS5: 'L' | IT5: 'L' | IU5: 'L' | IV5: 0 | IW5: 0 | IX5: 'L' | IY5: 'L' | IZ5: 'L' | JA5: 'L' | JB5: 'L' | JC5: 0 | JD5: 0 | JE5: 0 | JF5: 0 | JG5: 'L' | JH5: 'L' | JI5: 'L' | JJ5: 'L' | JK5: 0 | JL5: 0 | JM5: 0 | JN5: 0 | JO5: 0 | JP5: 0 | JQ5: 0 | JR5: 'L' | JS5: 'L' | JT5: 'L' | JU5: 'L' | JV5: 0 | JW5: 'L' | JX5: 0 | JY5: 0 | JZ5: 'L' | KA5: 0 | KB5: 'L' | KC5: 0 | KD5: 0 | KE5: 0 | KF5: 'L' | KG5: 'L' | KH5: 'L' | KI5: 'L' | KJ5: 'L' | KK5: 'L' | KL5: 'L' | KM5: 'L' | KN5: 'L' | KO5: 'L' | KP5: 'L' | KQ5: 'L' | KR5: 'L' | KS5: 'L' | KT5: 'L' | KU5: 'L' | KV5: 'L' | KW5: 'L' | KX5: 9.6633812e-13 | KY5: 0 | KZ5: 0 | LA5: -1 | LB5: 0 | LC5: 0 | LD5: 0 | LE5: 9.6633812e-13 | LF5: 0 | LG5: 7232 | LH5: 0 | LI5: 1.1110089e-11 | LJ5: 0 | LK5: 0 | LL5: 0 | LM5: 0 | LN5: 0 | LO5: 0 | LP5: 0 | LQ5: 0 | LR5: 0 | LS5: 0 | LT5: 0 | LU5: 0 | LV5: 0 | LW5: 0 | LX5: 0 | LY5: 0 | LZ5: 0 | MA5: 0 | MB5: 0 | MC5: 0 | MD5: 0 | ME5: 0 | MF5: 0 | MG5: -1 | MH5: 0 | MI5: 0 | MJ5: 0 | MK5: 0 | ML5: 0 | MM5: 0 | MN5: 0 | MO5: 0 | MP5: 0 | MQ5: 1 | MR5: 0 | MS5: 0 | MT5: 0 | MU5: 0 | MV5: 0 | MW5: 0 | MX5: 0 | MY5: 0 | MZ5: 0 | NA5: 0 | NB5: 0 | NC5: 0 | ND5: 0 | NE5: 'line']
A6: 4 | B6: 1 | C6: 25 | D6: 0.005 | E6: 1 | F6: 5 | G6: 3 | H6: 0.0333 | I6: 30 | J6: 50 | K6: 40.26 | L6: 0.0822 | M6: 0 | O6: 5656 | P6: 7987 | Q6: 0 | R6: 0 | S6: 0 | T6: 15965 | U6: 15965 | V6: 0 | W6: 0 | X6: 4480 | Y6: 4480 | Z6: 0 | AA6: 'Platoon_Tree' | AB6: 1 | AC6: 0 | AD6: 1676102841 | AE6: 40.26 | AF6: 40.26 | AG6: 40.26 | AH6: 40.26 | AI6: 40.26 | AJ6: 0 | AK6: 0.078999996 | AL6: 0.077025622 | AM6: 2 | AN6: 5 | AO6: 307 | AP6: 0 | AQ6: 1 | AR6: 1 | AS6: -1 | AT6: 1 | AU6: 0 | AV6: 0 | AW6: 0 | AX6: 0 | AY6: 835 | AZ6: 0.0195 | BA6: 1 | BB6: 1 | BC6: 1 | BD6: 1 | BE6: 1670 | BF6: 0.02 | BG6: 0 | BH6: 0 | BI6: 0 | BJ6: 0 | BK6: 0 | BL6: 0 | BM6: 0 | BN6: 0 | BO6: 0 | BP6: 0 | BQ6: 0 | BR6: 99999999 | BS6: 'L' | BT6: 'L' | BU6: 'L' | BV6: 'L' | BW6: 'L' | BX6: 'L' | BY6: 'L' | BZ6: 'L' | CA6: 0 | CB6: 0 | CC6: 'L' | CD6: 'L' | CE6: 'L' | CF6: 'L' | CG6: 'L' | CH6: 0 | CI6: 0 | CJ6: 0 | CK6: 0 | CL6: 'L' | CM6: 'L' | CN6: 'L' | CO6: 'L' | CP6: 0 | CQ6: 0 | CR6: 0 | CS6: 0 | CT6: 0 | CU6: 0 | CV6: 0 | CW6: 'L' | CX6: 'L' | CY6: 'L' | CZ6: 'L' | DA6: 0 | DB6: 'L' | DC6: 0 | DD6: 0 | DE6: 'L' | DF6: 0 | DG6: 'L' | DH6: 0 | DI6: 0 | DJ6: 0 | DK6: 'L' | DL6: 'L' | DM6: 'L' | DN6: 'L' | DO6: 'L' | DP6: 'L' | DQ6: 'L' | DR6: 'L' | DS6: 'L' | DT6: 'L' | DU6: 'L' | DV6: 'L' | DW6: 'L' | DX6: 'L' | DY6: 'L' | DZ6: 'L' | EA6: 'L' | EB6: 'L' | EC6: 1.1368684e-12 | ED6: 0 | EE6: 0 | EF6: -1 | EG6: 0 | EH6: 0 | EI6: 0 | EJ6: 1.1368684e-12 | EK6: 0 | EL6: 5284 | EM6: 0 | EN6: 1.2404109e-11 | EO6: 0 | EP6: 0 | EQ6: 0 | ER6: 0 | ES6: 0 | ET6: 0 | EU6: 0 | EV6: 0 | EW6: 0 | EX6: 0 | EY6: 0 | EZ6: 0 | FA6: 0 | FB6: 0 | FC6: 0 | FD6: 0 | FE6: 0 | FF6: 0 | FG6: 0 | FH6: 0 | FI6: 0 | FJ6: 0 | FK6: 0 | FL6: -1 | FM6: 0 | FN6: 0 | FO6: 0 | FP6: 0 | FQ6: 0 | FR6: 0 | FS6: 0 | FT6: 0 | FU6: 0 | FV6: 1 | FW6: 0 | FX6: 0 | FY6: 0 | FZ6: 0 | GA6: 0 | GB6: 0 | GC6: 0 | GD6: 0 | GE6: 0 | GF6: 0 | GG6: 0 | GH6: 0 | GI6: 0 | GJ6: 5656 | GK6: 7987 | GL6: 0 | GM6: 0 | GN6: 0 | GO6: 15965 | GP6: 15965 | GQ6: 0 | GR6: 0 | GS6: 4480 | GT6: 4480 | GU6: 0 | GV6: 'Platoon_Tree' | GW6: 1 | GX6: 0 | GY6: 1676102841 | GZ6: 40.26 | HA6: 40.26 | HB6: 40.26 | HC6: 40.26 | HD6: 40.26 | HE6: 0 | HF6: 0.078999996 | HG6: 0.077025622 | HH6: 2 | HI6: 5 | HJ6: 307 | HK6: 0 | HL6: 1 | HM6: 1 | HN6: -1 | HO6: 1 | HP6: 0 | HQ6: 0 | HR6: 0 | HS6: 0 | HT6: 835 | HU6: 0.0195 | HV6: 1 | HW6: 1 | HX6: 1 | HY6: 1 | HZ6: 1670 | IA6: 0.02 | IB6: 0 | IC6: 0 | ID6: 0 | IE6: 0 | IF6: 0 | IG6: 0 | IH6: 0 | II6: 0 | IJ6: 0 | IK6: 0 | IL6: 0 | IM6: 99999999 | IN6: 'L' | IO6: 'L' | IP6: 'L' | IQ6: 'L' | IR6: 'L' | IS6: 'L' | IT6: 'L' | IU6: 'L' | IV6: 0 | IW6: 0 | IX6: 'L' | IY6: 'L' | IZ6: 'L' | JA6: 'L' | JB6: 'L' | JC6: 0 | JD6: 0 | JE6: 0 | JF6: 0 | JG6: 'L' | JH6: 'L' | JI6: 'L' | JJ6: 'L' | JK6: 0 | JL6: 0 | JM6: 0 | JN6: 0 | JO6: 0 | JP6: 0 | JQ6: 0 | JR6: 'L' | JS6: 'L' | JT6: 'L' | JU6: 'L' | JV6: 0 | JW6: 'L' | JX6: 0 | JY6: 0 | JZ6: 'L' | KA6: 0 | KB6: 'L' | KC6: 0 | KD6: 0 | KE6: 0 | KF6: 'L' | KG6: 'L' | KH6: 'L' | KI6: 'L' | KJ6: 'L' | KK6: 'L' | KL6: 'L' | KM6: 'L' | KN6: 'L' | KO6: 'L' | KP6: 'L' | KQ6: 'L' | KR6: 'L' | KS6: 'L' | KT6: 'L' | KU6: 'L' | KV6: 'L' | KW6: 'L' | KX6: 1.1368684e-12 | KY6: 0 | KZ6: 0 | LA6: -1 | LB6: 0 | LC6: 0 | LD6: 0 | LE6: 1.1368684e-12 | LF6: 0 | LG6: 5284 | LH6: 0 | LI6: 1.2404109e-11 | LJ6: 0 | LK6: 0 | LL6: 0 | LM6: 0 | LN6: 0 | LO6: 0 | LP6: 0 | LQ6: 0 | LR6: 0 | LS6: 0 | LT6: 0 | LU6: 0 | LV6: 0 | LW6: 0 | LX6: 0 | LY6: 0 | LZ6: 0 | MA6: 0 | MB6: 0 | MC6: 0 | MD6: 0 | ME6: 0 | MF6: 0 | MG6: -1 | MH6: 0 | MI6: 0 | MJ6: 0 | MK6: 0 | ML6: 0 | MM6: 0 | MN6: 0 | MO6: 0 | MP6: 0 | MQ6: 1 | MR6: 0 | MS6: 0 | MT6: 0 | MU6: 0 | MV6: 0 | MW6: 0 | MX6: 0 | MY6: 0 | MZ6: 0 | NA6: 0 | NB6: 0 | NC6: 0 | ND6: 0 | NE6: 'line']
A7: 5 | B7: 1 | C7: 25 | D7: 0.005 | E7: 1 | F7: 6 | G7: 3 | H7: 0.0333 | I7: 30 | J7: 50 | K7: 40.26 | L7: 0.0827 | M7: 0 | O7: 5656 | P7: 7987 | Q7: 0 | R7: 0 | S7: 0 | T7: 15965 | U7: 15965 | V7: 0 | W7: 0 | X7: 4480 | Y7: 4480 | Z7: 0 | AA7: 'Platoon_Tree' | AB7: 1 | AC7: 0 | AD7: 345327395 | AE7: 40.26 | AF7: 40.26 | AG7: 40.26 | AH7: 40.26 | AI7: 40.26 | AJ7: 0 | AK7: 0.079999924 | AL7: 0.077025622 | AM7: 2 | AN7: 5 | AO7: 307 | AP7: 0 | AQ7: 1 | AR7: 1 | AS7: -1 | AT7: 1 | AU7: 0 | AV7: 0 | AW7: 0 | AX7: 0 | AY7: 835 | AZ7: 0.0195 | BA7: 1 | BB7: 1 | BC7: 1 | BD7: 1 | BE7: 1670 | BF7: 0.02 | BG7: 0 | BH7: 0 | BI7: 0 | BJ7: 0 | BK7: 0 | BL7: 0 | BM7: 0 | BN7: 0 | BO7: 0 | BP7: 0 | BQ7: 0 | BR7: 99999999 | BS7: 'L' | BT7: 'L' | BU7: 'L' | BV7: 'L' | BW7: 'L' | BX7: 'L' | BY7: 'L' | BZ7: 'L' | CA7: 0 | CB7: 0 | CC7: 'L' | CD7: 'L' | CE7: 'L' | CF7: 'L' | CG7: 'L' | CH7: 0 | CI7: 0 | CJ7: 0 | CK7: 0 | CL7: 'L' | CM7: 'L' | CN7: 'L' | CO7: 'L' | CP7: 0 | CQ7: 0 | CR7: 0 | CS7: 0 | CT7: 0 | CU7: 0 | CV7: 0 | CW7: 'L' | CX7: 'L' | CY7: 'L' | CZ7: 'L' | DA7: 0 | DB7: 'L' | DC7: 0 | DD7: 0 | DE7: 'L' | DF7: 0 | DG7: 'L' | DH7: 0 | DI7: 0 | DJ7: 0 | DK7: 'L' | DL7: 'L' | DM7: 'L' | DN7: 'L' | DO7: 'L' | DP7: 'L' | DQ7: 'L' | DR7: 'L' | DS7: 'L' | DT7: 'L' | DU7: 'L' | DV7: 'L' | DW7: 'L' | DX7: 'L' | DY7: 'L' | DZ7: 'L' | EA7: 'L' | EB7: 'L' | EC7: 1.1368684e-12 | ED7: 0 | EE7: 0 | EF7: -1 | EG7: 0 | EH7: 0 | EI7: 0 | EJ7: 1.1368684e-12 | EK7: 0 | EL7: 5284 | EM7: 0 | EN7: 1.2404109e-11 | EO7: 0 | EP7: 0 | EQ7: 0 | ER7: 0 | ES7: 0 | ET7: 0 | EU7: 0 | EV7: 0 | EW7: 0 | EX7: 0 | EY7: 0 | EZ7: 0 | FA7: 0 | FB7: 0 | FC7: 0 | FD7: 0 | FE7: 0 | FF7: 0 | FG7: 0 | FH7: 0 | FI7: 0 | FJ7: 0 | FK7: 0 | FL7: -1 | FM7: 0 | FN7: 0 | FO7: 0 | FP7: 0 | FQ7: 0 | FR7: 0 | FS7: 0 | FT7: 0 | FU7: 0 | FV7: 1 | FW7: 0 | FX7: 0 | FY7: 0 | FZ7: 0 | GA7: 0 | GB7: 0 | GC7: 0 | GD7: 0 | GE7: 0 | GF7: 0 | GG7: 0 | GH7: 0 | GI7: 0 | GJ7: 5656 | GK7: 7987 | GL7: 0 | GM7: 0 | GN7: 0 | GO7: 15965 | GP7: 15965 | GQ7: 0 | GR7: 0 | GS7: 4480 | GT7: 4480 | GU7: 0 | GV7: 'Platoon_Tree' | GW7: 1 | GX7: 0 | GY7: 345327395 | GZ7: 40.26 | HA7: 40.26 | HB7: 40.26 | HC7: 40.26 | HD7: 40.26 | HE7: 0 | HF7: 0.079999924 | HG7: 0.077025622 | HH7: 2 | HI7: 5 | HJ7: 307 | HK7: 0 | HL7: 1 | HM7: 1 | HN7: -1 | HO7: 1 | HP7: 0 | HQ7: 0 | HR7: 0 | HS7: 0 | HT7: 835 | HU7: 0.0195 | HV7: 1 | HW7: 1 | HX7: 1 | HY7: 1 | HZ7: 1670 | IA7: 0.02 | IB7: 0 | IC7: 0 | ID7: 0 | IE7: 0 | IF7: 0 | IG7: 0 | IH7: 0 | II7: 0 | IJ7: 0 | IK7: 0 | IL7: 0 | IM7: 99999999 | IN7: 'L' | IO7: 'L' | IP7: 'L' | IQ7: 'L' | IR7: 'L' | IS7: 'L' | IT7: 'L' | IU7: 'L' | IV7: 0 | IW7: 0 | IX7: 'L' | IY7: 'L' | IZ7: 'L' | JA7: 'L' | JB7: 'L' | JC7: 0 | JD7: 0 | JE7: 0 | JF7: 0 | JG7: 'L' | JH7: 'L' | JI7: 'L' | JJ7: 'L' | JK7: 0 | JL7: 0 | JM7: 0 | JN7: 0 | JO7: 0 | JP7: 0 | JQ7: 0 | JR7: 'L' | JS7: 'L' | JT7: 'L' | JU7: 'L' | JV7: 0 | JW7: 'L' | JX7: 0 | JY7: 0 | JZ7: 'L' | KA7: 0 | KB7: 'L' | KC7: 0 | KD7: 0 | KE7: 0 | KF7: 'L' | KG7: 'L' | KH7: 'L' | KI7: 'L' | KJ7: 'L' | KK7: 'L' | KL7: 'L' | KM7: 'L' | KN7: 'L' | KO7: 'L' | KP7: 'L' | KQ7: 'L' | KR7: 'L' | KS7: 'L' | KT7: 'L' | KU7: 'L' | KV7: 'L' | KW7: 'L' | KX7: 1.1368684e-12 | KY7: 0 | KZ7: 0 | LA7: -1 | LB7: 0 | LC7: 0 | LD7: 0 | LE7: 1.1368684e-12 | LF7: 0 | LG7: 5284 | LH7: 0 | LI7: 1.2404109e-11 | LJ7: 0 | LK7: 0 | LL7: 0 | LM7: 0 | LN7: 0 | LO7: 0 | LP7: 0 | LQ7: 0 | LR7: 0 | LS7: 0 | LT7: 0 | LU7: 0 | LV7: 0 | LW7: 0 | LX7: 0 | LY7: 0 | LZ7: 0 | MA7: 0 | MB7: 0 | MC7: 0 | MD7: 0 | ME7: 0 | MF7: 0 | MG7: -1 | MH7: 0 | MI7: 0 | MJ7: 0 | MK7: 0 | ML7: 0 | MM7: 0 | MN7: 0 | MO7: 0 | MP7: 0 | MQ7: 1 | MR7: 0 | MS7: 0 | MT7: 0 | MU7: 0 | MV7: 0 | MW7: 0 | MX7: 0 | MY7: 0 | MZ7: 0 | NA7: 0 | NB7: 0 | NC7: 0 | ND7: 0 | NE7: 'line']
A8: 6 | B8: 1 | C8: 25 | D8: 0.005 | E8: 1 | F8: 7 | G8: 3 | H8: 0.0333 | I8: 30 | J8: 50 | K8: 40.26 | L8: 0.0828 | M8: 0 | O8: 5656 | P8: 7987 | Q8: 0 | R8: 0 | S8: 0 | T8: 15965 | U8: 15965 | V8: 0 | W8: 0 | X8: 4480 | Y8: 4480 | Z8: 0 | AA8: 'Platoon_Tree' | AB8: 1 | AC8: 0 | AD8: -869388675 | AE8: 40.26 | AF8: 40.26 | AG8: 40.26 | AH8: 40.26 | AI8: 40.26 | AJ8: 0 | AK8: 0.078999996 | AL8: 0.077025622 | AM8: 2 | AN8: 5 | AO8: 307 | AP8: 0 | AQ8: 1 | AR8: 1 | AS8: -1 | AT8: 1 | AU8: 0 | AV8: 0 | AW8: 0 | AX8: 0 | AY8: 835 | AZ8: 0.0195 | BA8: 1 | BB8: 1 | BC8: 1 | BD8: 1 | BE8: 1670 | BF8: 0.02 | BG8: 0 | BH8: 0 | BI8: 0 | BJ8: 0 | BK8: 0 | BL8: 0 | BM8: 0 | BN8: 0 | BO8: 0 | BP8: 0 | BQ8: 0 | BR8: 99999999 | BS8: 'L' | BT8: 'L' | BU8: 'L' | BV8: 'L' | BW8: 'L' | BX8: 'L' | BY8: 'L' | BZ8: 'L' | CA8: 0 | CB8: 0 | CC8: 'L' | CD8: 'L' | CE8: 'L' | CF8: 'L' | CG8: 'L' | CH8: 0 | CI8: 0 | CJ8: 0 | CK8: 0 | CL8: 'L' | CM8: 'L' | CN8: 'L' | CO8: 'L' | CP8: 0 | CQ8: 0 | CR8: 0 | CS8: 0 | CT8: 0 | CU8: 0 | CV8: 0 | CW8: 'L' | CX8: 'L' | CY8: 'L' | CZ8: 'L' | DA8: 0 | DB8: 'L' | DC8: 0 | DD8: 0 | DE8: 'L' | DF8: 0 | DG8: 'L' | DH8: 0 | DI8: 0 | DJ8: 0 | DK8: 'L' | DL8: 'L' | DM8: 'L' | DN8: 'L' | DO8: 'L' | DP8: 'L' | DQ8: 'L' | DR8: 'L' | DS8: 'L' | DT8: 'L' | DU8: 'L' | DV8: 'L' | DW8: 'L' | DX8: 'L' | DY8: 'L' | DZ8: 'L' | EA8: 'L' | EB8: 'L' | EC8: 1.1368684e-12 | ED8: 0 | EE8: 0 | EF8: -1 | EG8: 0 | EH8: 0 | EI8: 0 | EJ8: 1.1368684e-12 | EK8: 0 | EL8: 5284 | EM8: 0 | EN8: 1.2404109e-11 | EO8: 0 | EP8: 0 | EQ8: 0 | ER8: 0 | ES8: 0 | ET8: 0 | EU8: 0 | EV8: 0 | EW8: 0 | EX8: 0 | EY8: 0 | EZ8: 0 | FA8: 0 | FB8: 0 | FC8: 0 | FD8: 0 | FE8: 0 | FF8: 0 | FG8: 0 | FH8: 0 | FI8: 0 | FJ8: 0 | FK8: 0 | FL8: -1 | FM8: 0 | FN8: 0 | FO8: 0 | FP8: 0 | FQ8: 0 | FR8: 0 | FS8: 0 | FT8: 0 | FU8: 0 | FV8: 1 | FW8: 0 | FX8: 0 | FY8: 0 | FZ8: 0 | GA8: 0 | GB8: 0 | GC8: 0 | GD8: 0 | GE8: 0 | GF8: 0 | GG8: 0 | GH8: 0 | GI8: 0 | GJ8: 5656 | GK8: 7987 | GL8: 0 | GM8: 0 | GN8: 0 | GO8: 15965 | GP8: 15965 | GQ8: 0 | GR8: 0 | GS8: 4480 | GT8: 4480 | GU8: 0 | GV8: 'Platoon_Tree' | GW8: 1 | GX8: 0 | GY8: -869388675 | GZ8: 40.26 | HA8: 40.26 | HB8: 40.26 | HC8: 40.26 | HD8: 40.26 | HE8: 0 | HF8: 0.078999996 | HG8: 0.077025622 | HH8: 2 | HI8: 5 | HJ8: 307 | HK8: 0 | HL8: 1 | HM8: 1 | HN8: -1 | HO8: 1 | HP8: 0 | HQ8: 0 | HR8: 0 | HS8: 0 | HT8: 835 | HU8: 0.0195 | HV8: 1 | HW8: 1 | HX8: 1 | HY8: 1 | HZ8: 1670 | IA8: 0.02 | IB8: 0 | IC8: 0 | ID8: 0 | IE8: 0 | IF8: 0 | IG8: 0 | IH8: 0 | II8: 0 | IJ8: 0 | IK8: 0 | IL8: 0 | IM8: 99999999 | IN8: 'L' | IO8: 'L' | IP8: 'L' | IQ8: 'L' | IR8: 'L' | IS8: 'L' | IT8: 'L' | IU8: 'L' | IV8: 0 | IW8: 0 | IX8: 'L' | IY8: 'L' | IZ8: 'L' | JA8: 'L' | JB8: 'L' | JC8: 0 | JD8: 0 | JE8: 0 | JF8: 0 | JG8: 'L' | JH8: 'L' | JI8: 'L' | JJ8: 'L' | JK8: 0 | JL8: 0 | JM8: 0 | JN8: 0 | JO8: 0 | JP8: 0 | JQ8: 0 | JR8: 'L' | JS8: 'L' | JT8: 'L' | JU8: 'L' | JV8: 0 | JW8: 'L' | JX8: 0 | JY8: 0 | JZ8: 'L' | KA8: 0 | KB8: 'L' | KC8: 0 | KD8: 0 | KE8: 0 | KF8: 'L' | KG8: 'L' | KH8: 'L' | KI8: 'L' | KJ8: 'L' | KK8: 'L' | KL8: 'L' | KM8: 'L' | KN8: 'L' | KO8: 'L' | KP8: 'L' | KQ8: 'L' | KR8: 'L' | KS8: 'L' | KT8: 'L' | KU8: 'L' | KV8: 'L' | KW8: 'L' | KX8: 1.1368684e-12 | KY8: 0 | KZ8: 0 | LA8: -1 | LB8: 0 | LC8: 0 | LD8: 0 | LE8: 1.1368684e-12 | LF8: 0 | LG8: 5284 | LH8: 0 | LI8: 1.2404109e-11 | LJ8: 0 | LK8: 0 | LL8: 0 | LM8: 0 | LN8: 0 | LO8: 0 | LP8: 0 | LQ8: 0 | LR8: 0 | LS8: 0 | LT8: 0 | LU8: 0 | LV8: 0 | LW8: 0 | LX8: 0 | LY8: 0 | LZ8: 0 | MA8: 0 | MB8: 0 | MC8: 0 | MD8: 0 | ME8: 0 | MF8: 0 | MG8: -1 | MH8: 0 | MI8: 0 | MJ8: 0 | MK8: 0 | ML8: 0 | MM8: 0 | MN8: 0 | MO8: 0 | MP8: 0 | MQ8: 1 | MR8: 0 | MS8: 0 | MT8: 0 | MU8: 0 | MV8: 0 | MW8: 0 | MX8: 0 | MY8: 0 | MZ8: 0 | NA8: 0 | NB8: 0 | NC8: 0 | ND8: 0 | NE8: 'line']
A9: 7 | B9: 1 | C9: 25 | D9: 0.005 | E9: 1 | F9: 8 | G9: 3 | H9: 0.0333 | I9: 30 | J9: 50 | K9: 40.26 | L9: 0.0821 | M9: 0 | O9: 5656 | P9: 7987 | Q9: 0 | R9: 0 | S9: 0 | T9: 15965 | U9: 15965 | V9: 0 | W9: 0 | X9: 4480 | Y9: 4480 | Z9: 0 | AA9: 'Platoon_Tree' | AB9: 1 | AC9: 0 | AD9: -1421377390 | AE9: 40.26 | AF9: 40.26 | AG9: 40.26 | AH9: 40.26 | AI9: 40.26 | AJ9: 0 | AK9: 0.076999903 | AL9: 0.077025622 | AM9: 2 | AN9: 5 | AO9: 307 | AP9: 0 | AQ9: 1 | AR9: 1 | AS9: -1 | AT9: 1 | AU9: 0 | AV9: 0 | AW9: 0 | AX9: 0 | AY9: 835 | AZ9: 0.0195 | BA9: 1 | BB9: 1 | BC9: 1 | BD9: 1 | BE9: 1670 | BF9: 0.02 | BG9: 0 | BH9: 0 | BI9: 0 | BJ9: 0 | BK9: 0 | BL9: 0 | BM9: 0 | BN9: 0 | BO9: 0 | BP9: 0 | BQ9: 0 | BR9: 99999999 | BS9: 'L' | BT9: 'L' | BU9: 'L' | BV9: 'L' | BW9: 'L' | BX9: 'L' | BY9: 'L' | BZ9: 'L' | CA9: 0 | CB9: 0 | CC9: 'L' | CD9: 'L' | CE9: 'L' | CF9: 'L' | CG9: 'L' | CH9: 0 | CI9: 0 | CJ9: 0 | CK9: 0 | CL9: 'L' | CM9: 'L' | CN9: 'L' | CO9: 'L' | CP9: 0 | CQ9: 0 | CR9: 0 | CS9: 0 | CT9: 0 | CU9: 0 | CV9: 0 | CW9: 'L' | CX9: 'L' | CY9: 'L' | CZ9: 'L' | DA9: 0 | DB9: 'L' | DC9: 0 | DD9: 0 | DE9: 'L' | DF9: 0 | DG9: 'L' | DH9: 0 | DI9: 0 | DJ9: 0 | DK9: 'L' | DL9: 'L' | DM9: 'L' | DN9: 'L' | DO9: 'L' | DP9: 'L' | DQ9: 'L' | DR9: 'L' | DS9: 'L' | DT9: 'L' | DU9: 'L' | DV9: 'L' | DW9: 'L' | DX9: 'L' | DY9: 'L' | DZ9: 'L' | EA9: 'L' | EB9: 'L' | EC9: 1.1368684e-12 | ED9: 0 | EE9: 0 | EF9: -1 | EG9: 0 | EH9: 0 | EI9: 0 | EJ9: 1.1368684e-12 | EK9: 0 | EL9: 5284 | EM9: 0 | EN9: 1.2404109e-11 | EO9: 0 | EP9: 0 | EQ9: 0 | ER9: 0 | ES9: 0 | ET9: 0 | EU9: 0 | EV9: 0 | EW9: 0 | EX9: 0 | EY9: 0 | EZ9: 0 | FA9: 0 | FB9: 0 | FC9: 0 | FD9: 0 | FE9: 0 | FF9: 0 | FG9: 0 | FH9: 0 | FI9: 0 | FJ9: 0 | FK9: 0 | FL9: -1 | FM9: 0 | FN9: 0 | FO9: 0 | FP9: 0 | FQ9: 0 | FR9: 0 | FS9: 0 | FT9: 0 | FU9: 0 | FV9: 1 | FW9: 0 | FX9: 0 | FY9: 0 | FZ9: 0 | GA9: 0 | GB9: 0 | GC9: 0 | GD9: 0 | GE9: 0 | GF9: 0 | GG9: 0 | GH9: 0 | GI9: 0 | GJ9: 5656 | GK9: 7987 | GL9: 0 | GM9: 0 | GN9: 0 | GO9: 15965 | GP9: 15965 | GQ9: 0 | GR9: 0 | GS9: 4480 | GT9: 4480 | GU9: 0 | GV9: 'Platoon_Tree' | GW9: 1 | GX9: 0 | GY9: -1421377390 | GZ9: 40.26 | HA9: 40.26 | HB9: 40.26 | HC9: 40.26 | HD9: 40.26 | HE9: 0 | HF9: 0.076999903 | HG9: 0.077025622 | HH9: 2 | HI9: 5 | HJ9: 307 | HK9: 0 | HL9: 1 | HM9: 1 | HN9: -1 | HO9: 1 | HP9: 0 | HQ9: 0 | HR9: 0 | HS9: 0 | HT9: 835 | HU9: 0.0195 | HV9: 1 | HW9: 1 | HX9: 1 | HY9: 1 | HZ9: 1670 | IA9: 0.02 | IB9: 0 | IC9: 0 | ID9: 0 | IE9: 0 | IF9: 0 | IG9: 0 | IH9: 0 | II9: 0 | IJ9: 0 | IK9: 0 | IL9: 0 | IM9: 99999999 | IN9: 'L' | IO9: 'L' | IP9: 'L' | IQ9: 'L' | IR9: 'L' | IS9: 'L' | IT9: 'L' | IU9: 'L' | IV9: 0 | IW9: 0 | IX9: 'L' | IY9: 'L' | IZ9: 'L' | JA9: 'L' | JB9: 'L' | JC9: 0 | JD9: 0 | JE9: 0 | JF9: 0 | JG9: 'L' | JH9: 'L' | JI9: 'L' | JJ9: 'L' | JK9: 0 | JL9: 0 | JM9: 0 | JN9: 0 | JO9: 0 | JP9: 0 | JQ9: 0 | JR9: 'L' | JS9: 'L' | JT9: 'L' | JU9: 'L' | JV9: 0 | JW9: 'L' | JX9: 0 | JY9: 0 | JZ9: 'L' | KA9: 0 | KB9: 'L' | KC9: 0 | KD9: 0 | KE9: 0 | KF9: 'L' | KG9: 'L' | KH9: 'L' | KI9: 'L' | KJ9: 'L' | KK9: 'L' | KL9: 'L' | KM9: 'L' | KN9: 'L' | KO9: 'L' | KP9: 'L' | KQ9: 'L' | KR9: 'L' | KS9: 'L' | KT9: 'L' | KU9: 'L' | KV9: 'L' | KW9: 'L' | KX9: 1.1368684e-12 | KY9: 0 | KZ9: 0 | LA9: -1 | LB9: 0 | LC9: 0 | LD9: 0 | LE9: 1.1368684e-12 | LF9: 0 | LG9: 5284 | LH9: 0 | LI9: 1.2404109e-11 | LJ9: 0 | LK9: 0 | LL9: 0 | LM9: 0 | LN9: 0 | LO9: 0 | LP9: 0 | LQ9: 0 | LR9: 0 | LS9: 0 | LT9: 0 | LU9: 0 | LV9: 0 | LW9: 0 | LX9: 0 | LY9: 0 | LZ9: 0 | MA9: 0 | MB9: 0 | MC9: 0 | MD9: 0 | ME9: 0 | MF9: 0 | MG9: -1 | MH9: 0 | MI9: 0 | MJ9: 0 | MK9: 0 | ML9: 0 | MM9: 0 | MN9: 0 | MO9: 0 | MP9: 0 | MQ9: 1 | MR9: 0 | MS9: 0 | MT9: 0 | MU9: 0 | MV9: 0 | MW9: 0 | MX9: 0 | MY9: 0 | MZ9: 0 | NA9: 0 | NB9: 0 | NC9: 0 | ND9: 0 | NE9: 'line']
A10: 8 | B10: 1 | C10: 25 | D10: 0.005 | E10: 1 | F10: 9 | G10: 3 | H10: 0.0333 | I10: 30 | J10: 50 | K10: 40.26 | L10: 0.0824 | M10: 0 | O10: 5656 | P10: 7987 | Q10: 0 | R10: 0 | S10: 0 | T10: 15965 | U10: 15965 | V10: 0 | W10: 0 | X10: 4480 | Y10: 4480 | Z10: 0 | AA10: 'Platoon_Tree' | AB10: 1 | AC10: 0 | AD10: -482754696 | AE10: 40.26 | AF10: 40.26 | AG10: 40.26 | AH10: 40.26 | AI10: 40.26 | AJ10: 0 | AK10: 0.079999924 | AL10: 0.077025622 | AM10: 2 | AN10: 5 | AO10: 307 | AP10: 0 | AQ10: 1 | AR10: 1 | AS10: -1 | AT10: 1 | AU10: 0 | AV10: 0 | AW10: 0 | AX10: 0 | AY10: 835 | AZ10: 0.0195 | BA10: 1 | BB10: 1 | BC10: 1 | BD10: 1 | BE10: 1670 | BF10: 0.02 | BG10: 0 | BH10: 0 | BI10: 0 | BJ10: 0 | BK10: 0 | BL10: 0 | BM10: 0 | BN10: 0 | BO10: 0 | BP10: 0 | BQ10: 0 | BR10: 99999999 | BS10: 'L' | BT10: 'L' | BU10: 'L' | BV10: 'L' | BW10: 'L' | BX10: 'L' | BY10: 'L' | BZ10: 'L' | CA10: 0 | CB10: 0 | CC10: 'L' | CD10: 'L' | CE10: 'L' | CF10: 'L' | CG10: 'L' | CH10: 0 | CI10: 0 | CJ10: 0 | CK10: 0 | CL10: 'L' | CM10: 'L' | CN10: 'L' | CO10: 'L' | CP10: 0 | CQ10: 0 | CR10: 0 | CS10: 0 | CT10: 0 | CU10: 0 | CV10: 0 | CW10: 'L' | CX10: 'L' | CY10: 'L' | CZ10: 'L' | DA10: 0 | DB10: 'L' | DC10: 0 | DD10: 0 | DE10: 'L' | DF10: 0 | DG10: 'L' | DH10: 0 | DI10: 0 | DJ10: 0 | DK10: 'L' | DL10: 'L' | DM10: 'L' | DN10: 'L' | DO10: 'L' | DP10: 'L' | DQ10: 'L' | DR10: 'L' | DS10: 'L' | DT10: 'L' | DU10: 'L' | DV10: 'L' | DW10: 'L' | DX10: 'L' | DY10: 'L' | DZ10: 'L' | EA10: 'L' | EB10: 'L' | EC10: 1.1368684e-12 | ED10: 0 | EE10: 0 | EF10: -1 | EG10: 0 | EH10: 0 | EI10: 0 | EJ10: 1.1368684e-12 | EK10: 0 | EL10: 5284 | EM10: 0 | EN10: 1.2404109e-11 | EO10: 0 | EP10: 0 | EQ10: 0 | ER10: 0 | ES10: 0 | ET10: 0 | EU10: 0 | EV10: 0 | EW10: 0 | EX10: 0 | EY10: 0 | EZ10: 0 | FA10: 0 | FB10: 0 | FC10: 0 | FD10: 0 | FE10: 0 | FF10: 0 | FG10: 0 | FH10: 0 | FI10: 0 | FJ10: 0 | FK10: 0 | FL10: -1 | FM10: 0 | FN10: 0 | FO10: 0 | FP10: 0 | FQ10: 0 | FR10: 0 | FS10: 0 | FT10: 0 | FU10: 0 | FV10: 1 | FW10: 0 | FX10: 0 | FY10: 0 | FZ10: 0 | GA10: 0 | GB10: 0 | GC10: 0 | GD10: 0 | GE10: 0 | GF10: 0 | GG10: 0 | GH10: 0 | GI10: 0 | GJ10: 5656 | GK10: 7987 | GL10: 0 | GM10: 0 | GN10: 0 | GO10: 15965 | GP10: 15965 | GQ10: 0 | GR10: 0 | GS10: 4480 | GT10: 4480 | GU10: 0 | GV10: 'Platoon_Tree' | GW10: 1 | GX10: 0 | GY10: -482754696 | GZ10: 40.26 | HA10: 40.26 | HB10: 40.26 | HC10: 40.26 | HD10: 40.26 | HE10: 0 | HF10: 0.079999924 | HG10: 0.077025622 | HH10: 2 | HI10: 5 | HJ10: 307 | HK10: 0 | HL10: 1 | HM10: 1 | HN10: -1 | HO10: 1 | HP10: 0 | HQ10: 0 | HR10: 0 | HS10: 0 | HT10: 835 | HU10: 0.0195 | HV10: 1 | HW10: 1 | HX10: 1 | HY10: 1 | HZ10: 1670 | IA10: 0.02 | IB10: 0 | IC10: 0 | ID10: 0 | IE10: 0 | IF10: 0 | IG10: 0 | IH10: 0 | II10: 0 | IJ10: 0 | IK10: 0 | IL10: 0 | IM10: 99999999 | IN10: 'L' | IO10: 'L' | IP10: 'L' | IQ10: 'L' | IR10: 'L' | IS10: 'L' | IT10: 'L' | IU10: 'L' | IV10: 0 | IW10: 0 | IX10: 'L' | IY10: 'L' | IZ10: 'L' | JA10: 'L' | JB10: 'L' | JC10: 0 | JD10: 0 | JE10: 0 | JF10: 0 | JG10: 'L' | JH10: 'L' | JI10: 'L' | JJ10: 'L' | JK10: 0 | JL10: 0 | JM10: 0 | JN10: 0 | JO10: 0 | JP10: 0 | JQ10: 0 | JR10: 'L' | JS10: 'L' | JT10: 'L' | JU10: 'L' | JV10: 0 | JW10: 'L' | JX10: 0 | JY10: 0 | JZ10: 'L' | KA10: 0 | KB10: 'L' | KC10: 0 | KD10: 0 | KE10: 0 | KF10: 'L' | KG10: 'L' | KH10: 'L' | KI10: 'L' | KJ10: 'L' | KK10: 'L' | KL10: 'L' | KM10: 'L' | KN10: 'L' | KO10: 'L' | KP10: 'L' | KQ10: 'L' | KR10: 'L' | KS10: 'L' | KT10: 'L' | KU10: 'L' | KV10: 'L' | KW10: 'L' | KX10: 1.1368684e-12 | KY10: 0 | KZ10: 0 | LA10: -1 | LB10: 0 | LC10: 0 | LD10: 0 | LE10: 1.1368684e-12 | LF10: 0 | LG10: 5284 | LH10: 0 | LI10: 1.2404109e-11 | LJ10: 0 | LK10: 0 | LL10: 0 | LM10: 0 | LN10: 0 | LO10: 0 | LP10: 0 | LQ10: 0 | LR10: 0 | LS10: 0 | LT10: 0 | LU10: 0 | LV10: 0 | LW10: 0 | LX10: 0 | LY10: 0 | LZ10: 0 | MA10: 0 | MB10: 0 | MC10: 0 | MD10: 0 | ME10: 0 | MF10: 0 | MG10: -1 | MH10: 0 | MI10: 0 | MJ10: 0 | MK10: 0 | ML10: 0 | MM10: 0 | MN10: 0 | MO10: 0 | MP10: 0 | MQ10: 1 | MR10: 0 | MS10: 0 | MT10: 0 | MU10: 0 | MV10: 0 | MW10: 0 | MX10: 0 | MY10: 0 | MZ10: 0 | NA10: 0 | NB10: 0 | NC10: 0 | ND10: 0 | NE10: 'line']
A11: 9 | B11: 1 | C11: 25 | D11: 0.005 | E11: 1 | F11: 10 | G11: 3 | H11: 0.0333 | I11: 30 | J11: 50 | K11: 40.26 | L11: 0.0824 | M11: 0 | O11: 5656 | P11: 7987 | Q11: 0 | R11: 0 | S11: 0 | T11: 15965 | U11: 15965 | V11: 0 | W11: 0 | X11: 4480 | Y11: 4480 | Z11: 0 | AA11: 'Platoon_Tree' | AB11: 1 | AC11: 0 | AD11: 1480729989 | AE11: 40.26 | AF11: 40.26 | AG11: 40.26 | AH11: 40.26 | AI11: 40.26 | AJ11: 0 | AK11: 0.079999924 | AL11: 0.077025622 | AM11: 2 | AN11: 5 | AO11: 307 | AP11: 0 | AQ11: 1 | AR11: 1 | AS11: -1 | AT11: 1 | AU11: 0 | AV11: 0 | AW11: 0 | AX11: 0 | AY11: 835 | AZ11: 0.0195 | BA11: 1 | BB11: 1 | BC11: 1 | BD11: 1 | BE11: 1670 | BF11: 0.02 | BG11: 0 | BH11: 0 | BI11: 0 | BJ11: 0 | BK11: 0 | BL11: 0 | BM11: 0 | BN11: 0 | BO11: 0 | BP11: 0 | BQ11: 0 | BR11: 99999999 | BS11: 'L' | BT11: 'L' | BU11: 'L' | BV11: 'L' | BW11: 'L' | BX11: 'L' | BY11: 'L' | BZ11: 'L' | CA11: 0 | CB11: 0 | CC11: 'L' | CD11: 'L' | CE11: 'L' | CF11: 'L' | CG11: 'L' | CH11: 0 | CI11: 0 | CJ11: 0 | CK11: 0 | CL11: 'L' | CM11: 'L' | CN11: 'L' | CO11: 'L' | CP11: 0 | CQ11: 0 | CR11: 0 | CS11: 0 | CT11: 0 | CU11: 0 | CV11: 0 | CW11: 'L' | CX11: 'L' | CY11: 'L' | CZ11: 'L' | DA11: 0 | DB11: 'L' | DC11: 0 | DD11: 0 | DE11: 'L' | DF11: 0 | DG11: 'L' | DH11: 0 | DI11: 0 | DJ11: 0 | DK11: 'L' | DL11: 'L' | DM11: 'L' | DN11: 'L' | DO11: 'L' | DP11: 'L' | DQ11: 'L' | DR11: 'L' | DS11: 'L' | DT11: 'L' | DU11: 'L' | DV11: 'L' | DW11: 'L' | DX11: 'L' | DY11: 'L' | DZ11: 'L' | EA11: 'L' | EB11: 'L' | EC11: 1.1368684e-12 | ED11: 0 | EE11: 0 | EF11: -1 | EG11: 0 | EH11: 0 | EI11: 0 | EJ11: 1.1368684e-12 | EK11: 0 | EL11: 5284 | EM11: 0 | EN11: 1.2404109e-11 | EO11: 0 | EP11: 0 | EQ11: 0 | ER11: 0 | ES11: 0 | ET11: 0 | EU11: 0 | EV11: 0 | EW11: 0 | EX11: 0 | EY11: 0 | EZ11: 0 | FA11: 0 | FB11: 0 | FC11: 0 | FD11: 0 | FE11: 0 | FF11: 0 | FG11: 0 | FH11: 0 | FI11: 0 | FJ11: 0 | FK11: 0 | FL11: -1 | FM11: 0 | FN11: 0 | FO11: 0 | FP11: 0 | FQ11: 0 | FR11: 0 | FS11: 0 | FT11: 0 | FU11: 0 | FV11: 1 | FW11: 0 | FX11: 0 | FY11: 0 | FZ11: 0 | GA11: 0 | GB11: 0 | GC11: 0 | GD11: 0 | GE11: 0 | GF11: 0 | GG11: 0 | GH11: 0 | GI11: 0 | GJ11: 5656 | GK11: 7987 | GL11: 0 | GM11: 0 | GN11: 0 | GO11: 15965 | GP11: 15965 | GQ11: 0 | GR11: 0 | GS11: 4480 | GT11: 4480 | GU11: 0 | GV11: 'Platoon_Tree' | GW11: 1 | GX11: 0 | GY11: 1480729989 | GZ11: 40.26 | HA11: 40.26 | HB11: 40.26 | HC11: 40.26 | HD11: 40.26 | HE11: 0 | HF11: 0.079999924 | HG11: 0.077025622 | HH11: 2 | HI11: 5 | HJ11: 307 | HK11: 0 | HL11: 1 | HM11: 1 | HN11: -1 | HO11: 1 | HP11: 0 | HQ11: 0 | HR11: 0 | HS11: 0 | HT11: 835 | HU11: 0.0195 | HV11: 1 | HW11: 1 | HX11: 1 | HY11: 1 | HZ11: 1670 | IA11: 0.02 | IB11: 0 | IC11: 0 | ID11: 0 | IE11: 0 | IF11: 0 | IG11: 0 | IH11: 0 | II11: 0 | IJ11: 0 | IK11: 0 | IL11: 0 | IM11: 99999999 | IN11: 'L' | IO11: 'L' | IP11: 'L' | IQ11: 'L' | IR11: 'L' | IS11: 'L' | IT11: 'L' | IU11: 'L' | IV11: 0 | IW11: 0 | IX11: 'L' | IY11: 'L' | IZ11: 'L' | JA11: 'L' | JB11: 'L' | JC11: 0 | JD11: 0 | JE11: 0 | JF11: 0 | JG11: 'L' | JH11: 'L' | JI11: 'L' | JJ11: 'L' | JK11: 0 | JL11: 0 | JM11: 0 | JN11: 0 | JO11: 0 | JP11: 0 | JQ11: 0 | JR11: 'L' | JS11: 'L' | JT11: 'L' | JU11: 'L' | JV11: 0 | JW11: 'L' | JX11: 0 | JY11: 0 | JZ11: 'L' | KA11: 0 | KB11: 'L' | KC11: 0 | KD11: 0 | KE11: 0 | KF11: 'L' | KG11: 'L' | KH11: 'L' | KI11: 'L' | KJ11: 'L' | KK11: 'L' | KL11: 'L' | KM11: 'L' | KN11: 'L' | KO11: 'L' | KP11: 'L' | KQ11: 'L' | KR11: 'L' | KS11: 'L' | KT11: 'L' | KU11: 'L' | KV11: 'L' | KW11: 'L' | KX11: 1.1368684e-12 | KY11: 0 | KZ11: 0 | LA11: -1 | LB11: 0 | LC11: 0 | LD11: 0 | LE11: 1.1368684e-12 | LF11: 0 | LG11: 5284 | LH11: 0 | LI11: 1.2404109e-11 | LJ11: 0 | LK11: 0 | LL11: 0 | LM11: 0 | LN11: 0 | LO11: 0 | LP11: 0 | LQ11: 0 | LR11: 0 | LS11: 0 | LT11: 0 | LU11: 0 | LV11: 0 | LW11: 0 | LX11: 0 | LY11: 0 | LZ11: 0 | MA11: 0 | MB11: 0 | MC11: 0 | MD11: 0 | ME11: 0 | MF11: 0 | MG11: -1 | MH11: 0 | MI11: 0 | MJ11: 0 | MK11: 0 | ML11: 0 | MM11: 0 | MN11: 0 | MO11: 0 | MP11: 0 | MQ11: 1 | MR11: 0 | MS11: 0 | MT11: 0 | MU11: 0 | MV11: 0 | MW11: 0 | MX11: 0 | MY11: 0 | MZ11: 0 | NA11: 0 | NB11: 0 | NC11: 0 | ND11: 0 | NE11: 'line']
A12: 10 | B12: 1 | C12: 25 | D12: 0.005 | E12: 1 | F12: 10 | G12: 3 | H12: 0.0333 | I12: 30 | J12: 40 | K12: 40.179 | L12: 0.0804 | M12: 0 | O12: 6261 | P12: 8924 | Q12: 0 | R12: 0 | S12: 0 | T12: 18016 | U12: 18016 | V12: 0 | W12: 0 | X12: 4923 | Y12: 4923 | Z12: 0 | AA12: 'Platoon_Tree' | AB12: 1 | AC12: 0 | AD12: -118572050 | AE12: 40.179 | AF12: 40.179 | AG12: 40.179 | AH12: 40.179 | AI12: 40.179 | AJ12: 0 | AK12: 0.088000059 | AL12: 0.077892336 | AM12: 2 | AN12: 2 | AO12: 279 | AP12: 0 | AQ12: 1 | AR12: 1 | AS12: -1 | AT12: 1 | AU12: 0 | AV12: 0 | AW12: 0 | AX12: 0 | AY12: 847 | AZ12: 0.0105 | BA12: 1 | BB12: 1 | BC12: 1 | BD12: 1 | BE12: 1694 | BF12: 0.01 | BG12: 0 | BH12: 0 | BI12: 0 | BJ12: 0 | BK12: 0 | BL12: 0 | BM12: 0 | BN12: 0 | BO12: 0 | BP12: 0 | BQ12: 0 | BR12: 99999999 | BS12: 'L' | BT12: 'L' | BU12: 'L' | BV12: 'L' | BW12: 'L' | BX12: 'L' | BY12: 'L' | BZ12: 'L' | CA12: 0 | CB12: 0 | CC12: 'L' | CD12: 'L' | CE12: 'L' | CF12: 'L' | CG12: 'L' | CH12: 0 | CI12: 0 | CJ12: 0 | CK12: 0 | CL12: 'L' | CM12: 'L' | CN12: 'L' | CO12: 'L' | CP12: 0 | CQ12: 0 | CR12: 0 | CS12: 0 | CT12: 0 | CU12: 0 | CV12: 0 | CW12: 'L' | CX12: 'L' | CY12: 'L' | CZ12: 'L' | DA12: 0 | DB12: 'L' | DC12: 0 | DD12: 0 | DE12: 'L' | DF12: 0 | DG12: 'L' | DH12: 0 | DI12: 0 | DJ12: 0 | DK12: 'L' | DL12: 'L' | DM12: 'L' | DN12: 'L' | DO12: 'L' | DP12: 'L' | DQ12: 'L' | DR12: 'L' | DS12: 'L' | DT12: 'L' | DU12: 'L' | DV12: 'L' | DW12: 'L' | DX12: 'L' | DY12: 'L' | DZ12: 'L' | EA12: 'L' | EB12: 'L' | EC12: 1.8758328e-12 | ED12: 0 | EE12: 0 | EF12: -1 | EG12: 0 | EH12: 0 | EI12: 0 | EJ12: 1.8758328e-12 | EK12: 0 | EL12: 6023 | EM12: 0 | EN12: 2.0855281e-11 | EO12: 0 | EP12: 0 | EQ12: 0 | ER12: 0 | ES12: 0 | ET12: 0 | EU12: 0 | EV12: 0 | EW12: 0 | EX12: 0 | EY12: 0 | EZ12: 0 | FA12: 0 | FB12: 0 | FC12: 0 | FD12: 0 | FE12: 0 | FF12: 0 | FG12: 0 | FH12: 0 | FI12: 0 | FJ12: 0 | FK12: 0 | FL12: -1 | FM12: 0 | FN12: 0 | FO12: 0 | FP12: 0 | FQ12: 0 | FR12: 0 | FS12: 0 | FT12: 0 | FU12: 0 | FV12: 1 | FW12: 0 | FX12: 0 | FY12: 0 | FZ12: 0 | GA12: 0 | GB12: 0 | GC12: 0 | GD12: 0 | GE12: 0 | GF12: 0 | GG12: 0 | GH12: 0 | GI12: 0 | GJ12: 6261 | GK12: 8924 | GL12: 0 | GM12: 0 | GN12: 0 | GO12: 18016 | GP12: 18016 | GQ12: 0 | GR12: 0 | GS12: 4923 | GT12: 4923 | GU12: 0 | GV12: 'Platoon_Tree' | GW12: 1 | GX12: 0 | GY12: -118572050 | GZ12: 40.179 | HA12: 40.179 | HB12: 40.179 | HC12: 40.179 | HD12: 40.179 | HE12: 0 | HF12: 0.088000059 | HG12: 0.077892336 | HH12: 2 | HI12: 2 | HJ12: 279 | HK12: 0 | HL12: 1 | HM12: 1 | HN12: -1 | HO12: 1 | HP12: 0 | HQ12: 0 | HR12: 0 | HS12: 0 | HT12: 847 | HU12: 0.0105 | HV12: 1 | HW12: 1 | HX12: 1 | HY12: 1 | HZ12: 1694 | IA12: 0.01 | IB12: 0 | IC12: 0 | ID12: 0 | IE12: 0 | IF12: 0 | IG12: 0 | IH12: 0 | II12: 0 | IJ12: 0 | IK12: 0 | IL12: 0 | IM12: 99999999 | IN12: 'L' | IO12: 'L' | IP12: 'L' | IQ12: 'L' | IR12: 'L' | IS12: 'L' | IT12: 'L' | IU12: 'L' | IV12: 0 | IW12: 0 | IX12: 'L' | IY12: 'L' | IZ12: 'L' | JA12: 'L' | JB12: 'L' | JC12: 0 | JD12: 0 | JE12: 0 | JF12: 0 | JG12: 'L' | JH12: 'L' | JI12: 'L' | JJ12: 'L' | JK12: 0 | JL12: 0 | JM12: 0 | JN12: 0 | JO12: 0 | JP12: 0 | JQ12: 0 | JR12: 'L' | JS12: 'L' | JT12: 'L' | JU12: 'L' | JV12: 0 | JW12: 'L' | JX12: 0 | JY12: 0 | JZ12: 'L' | KA12: 0 | KB12: 'L' | KC12: 0 | KD12: 0 | KE12: 0 | KF12: 'L' | KG12: 'L' | KH12: 'L' | KI12: 'L' | KJ12: 'L' | KK12: 'L' | KL12: 'L' | KM12: 'L' | KN12: 'L' | KO12: 'L' | KP12: 'L' | KQ12: 'L' | KR12: 'L' | KS12: 'L' | KT12: 'L' | KU12: 'L' | KV12: 'L' | KW12: 'L' | KX12: 1.8758328e-12 | KY12: 0 | KZ12: 0 | LA12: -1 | LB12: 0 | LC12: 0 | LD12: 0 | LE12: 1.8758328e-12 | LF12: 0 | LG12: 6023 | LH12: 0 | LI12: 2.0855281e-11 | LJ12: 0 | LK12: 0 | LL12: 0 | LM12: 0 | LN12: 0 | LO12: 0 | LP12: 0 | LQ12: 0 | LR12: 0 | LS12: 0 | LT12: 0 | LU12: 0 | LV12: 0 | LW12: 0 | LX12: 0 | LY12: 0 | LZ12: 0 | MA12: 0 | MB12: 0 | MC12: 0 | MD12: 0 | ME12: 0 | MF12: 0 | MG12: -1 | MH12: 0 | MI12: 0 | MJ12: 0 | MK12: 0 | ML12: 0 | MM12: 0 | MN12: 0 | MO12: 0 | MP12: 0 | MQ12: 1 | MR12: 0 | MS12: 0 | MT12: 0 | MU12: 0 | MV12: 0 | MW12: 0 | MX12: 0 | MY12: 0 | MZ12: 0 | NA12: 0 | NB12: 0 | NC12: 0 | ND12: 0 | NE12: 'line']
A13: 11 | B13: 1 | C13: 25 | D13: 0.005 | E13: 1 | F13: 10 | G13: 3 | H13: 0.0333 | I13: 30 | J13: 30 | K13: 40.2095 | L13: 0.2437 | M13: 0 | O13: 8644 | P13: 12657 | Q13: 0 | R13: 0 | S13: 0 | T13: 26331 | U13: 26331 | V13: 0 | W13: 0 | X13: 6820 | Y13: 6820 | Z13: 0 | AA13: 'Platoon_Tree' | AB13: 1 | AC13: 0 | AD13: -71239990 | AE13: 40.2095 | AF13: 40.2095 | AG13: 40.2095 | AH13: 40.2095 | AI13: 40.2095 | AJ13: 0 | AK13: 0.24499989 | AL13: 0.22766721 | AM13: 2 | AN13: 3 | AO13: 1700 | AP13: 0 | AQ13: 1 | AR13: 1 | AS13: -1 | AT13: 1 | AU13: 0 | AV13: 0 | AW13: 0 | AX13: 0 | AY13: 848 | AZ13: 0.0095 | BA13: 1 | BB13: 1 | BC13: 1 | BD13: 1 | BE13: 1696 | BF13: 0.01 | BG13: 0 | BH13: 0 | BI13: 0 | BJ13: 0 | BK13: 0 | BL13: 0 | BM13: 0 | BN13: 0 | BO13: 0 | BP13: 0 | BQ13: 0 | BR13: 99999999 | BS13: 'L' | BT13: 'L' | BU13: 'L' | BV13: 'L' | BW13: 'L' | BX13: 'L' | BY13: 'L' | BZ13: 'L' | CA13: 0 | CB13: 0 | CC13: 'L' | CD13: 'L' | CE13: 'L' | CF13: 'L' | CG13: 'L' | CH13: 0 | CI13: 0 | CJ13: 0 | CK13: 0 | CL13: 'L' | CM13: 'L' | CN13: 'L' | CO13: 'L' | CP13: 0 | CQ13: 0 | CR13: 0 | CS13: 0 | CT13: 0 | CU13: 0 | CV13: 0 | CW13: 'L' | CX13: 'L' | CY13: 'L' | CZ13: 'L' | DA13: 0 | DB13: 'L' | DC13: 0 | DD13: 0 | DE13: 'L' | DF13: 0 | DG13: 'L' | DH13: 0 | DI13: 0 | DJ13: 0 | DK13: 'L' | DL13: 'L' | DM13: 'L' | DN13: 'L' | DO13: 'L' | DP13: 'L' | DQ13: 'L' | DR13: 'L' | DS13: 'L' | DT13: 'L' | DU13: 'L' | DV13: 'L' | DW13: 'L' | DX13: 'L' | DY13: 'L' | DZ13: 'L' | EA13: 'L' | EB13: 'L' | EC13: 2.2737368e-13 | ED13: 0 | EE13: 0 | EF13: -1 | EG13: 0 | EH13: 0 | EI13: 0 | EJ13: 2.2737368e-13 | EK13: 0 | EL13: 8983 | EM13: 0 | EN13: 8.1928631e-12 | EO13: 0 | EP13: 0 | EQ13: 0 | ER13: 0 | ES13: 0 | ET13: 0 | EU13: 0 | EV13: 0 | EW13: 0 | EX13: 0 | EY13: 0 | EZ13: 0 | FA13: 0 | FB13: 0 | FC13: 0 | FD13: 0 | FE13: 0 | FF13: 0 | FG13: 0 | FH13: 0 | FI13: 0 | FJ13: 0 | FK13: 0 | FL13: -1 | FM13: 0 | FN13: 0 | FO13: 0 | FP13: 0 | FQ13: 0 | FR13: 0 | FS13: 0 | FT13: 0 | FU13: 0 | FV13: 1 | FW13: 0 | FX13: 0 | FY13: 0 | FZ13: 0 | GA13: 0 | GB13: 0 | GC13: 0 | GD13: 0 | GE13: 0 | GF13: 0 | GG13: 0 | GH13: 0 | GI13: 0 | GJ13: 8644 | GK13: 12657 | GL13: 0 | GM13: 0 | GN13: 0 | GO13: 26331 | GP13: 26331 | GQ13: 0 | GR13: 0 | GS13: 6820 | GT13: 6820 | GU13: 0 | GV13: 'Platoon_Tree' | GW13: 1 | GX13: 0 | GY13: -71239990 | GZ13: 40.2095 | HA13: 40.2095 | HB13: 40.2095 | HC13: 40.2095 | HD13: 40.2095 | HE13: 0 | HF13: 0.24499989 | HG13: 0.22766721 | HH13: 2 | HI13: 3 | HJ13: 1700 | HK13: 0 | HL13: 1 | HM13: 1 | HN13: -1 | HO13: 1 | HP13: 0 | HQ13: 0 | HR13: 0 | HS13: 0 | HT13: 848 | HU13: 0.0095 | HV13: 1 | HW13: 1 | HX13: 1 | HY13: 1 | HZ13: 1696 | IA13: 0.01 | IB13: 0 | IC13: 0 | ID13: 0 | IE13: 0 | IF13: 0 | IG13: 0 | IH13: 0 | II13: 0 | IJ13: 0 | IK13: 0 | IL13: 0 | IM13: 99999999 | IN13: 'L' | IO13: 'L' | IP13: 'L' | IQ13: 'L' | IR13: 'L' | IS13: 'L' | IT13: 'L' | IU13: 'L' | IV13: 0 | IW13: 0 | IX13: 'L' | IY13: 'L' | IZ13: 'L' | JA13: 'L' | JB13: 'L' | JC13: 0 | JD13: 0 | JE13: 0 | JF13: 0 | JG13: 'L' | JH13: 'L' | JI13: 'L' | JJ13: 'L' | JK13: 0 | JL13: 0 | JM13: 0 | JN13: 0 | JO13: 0 | JP13: 0 | JQ13: 0 | JR13: 'L' | JS13: 'L' | JT13: 'L' | JU13: 'L' | JV13: 0 | JW13: 'L' | JX13: 0 | JY13: 0 | JZ13: 'L' | KA13: 0 | KB13: 'L' | KC13: 0 | KD13: 0 | KE13: 0 | KF13: 'L' | KG13: 'L' | KH13: 'L' | KI13: 'L' | KJ13: 'L' | KK13: 'L' | KL13: 'L' | KM13: 'L' | KN13: 'L' | KO13: 'L' | KP13: 'L' | KQ13: 'L' | KR13: 'L' | KS13: 'L' | KT13: 'L' | KU13: 'L' | KV13: 'L' | KW13: 'L' | KX13: 2.2737368e-13 | KY13: 0 | KZ13: 0 | LA13: -1 | LB13: 0 | LC13: 0 | LD13: 0 | LE13: 2.2737368e-13 | LF13: 0 | LG13: 8983 | LH13: 0 | LI13: 8.1928631e-12 | LJ13: 0 | LK13: 0 | LL13: 0 | LM13: 0 | LN13: 0 | LO13: 0 | LP13: 0 | LQ13: 0 | LR13: 0 | LS13: 0 | LT13: 0 | LU13: 0 | LV13: 0 | LW13: 0 | LX13: 0 | LY13: 0 | LZ13: 0 | MA13: 0 | MB13: 0 | MC13: 0 | MD13: 0 | ME13: 0 | MF13: 0 | MG13: -1 | MH13: 0 | MI13: 0 | MJ13: 0 | MK13: 0 | ML13: 0 | MM13: 0 | MN13: 0 | MO13: 0 | MP13: 0 | MQ13: 1 | MR13: 0 | MS13: 0 | MT13: 0 | MU13: 0 | MV13: 0 | MW13: 0 | MX13: 0 | MY13: 0 | MZ13: 0 | NA13: 0 | NB13: 0 | NC13: 0 | ND13: 0 | NE13: 'line']
... A242: 240 | B242: 3 | C242: 100 | D242: 0.005 | E242: 1 | F242: 10 | G242: 3 | H242: 0.0333 | I242: 30 | J242: 20 | K242: 167.026 | L242: 3600.197 | M242: 0.053784588 | O242: 160837 | P242: 272638 | Q242: 0 | R242: 0 | S242: 0 | T242: 634123 | U242: 634123 | V242: 0 | W242: 0 | X242: 150067 | Y242: 150067 | Z242: 0 | AA242: 'Platoon_Tree' | AB242: 1 | AC242: 0 | AD242: 94988783 | AE242: 167.026 | AF242: 158.04258 | AG242: 158.04258 | AH242: 158.04258 | AI242: 167.026 | AJ242: 0.053784588 | AK242: 3600.132 | AL242: 10956.183 | AM242: 9 | AN242: 5 | AO242: 1218162 | AP242: 0 | AQ242: 1 | AR242: 1 | AS242: -1 | AT242: 1 | AU242: 0 | AV242: 0 | AW242: 0 | AX242: 0 | AY242: 891 | AZ242: 0.005 | BA242: 1 | BB242: 1 | BC242: 1 | BD242: 1 | BE242: 1782 | BF242: 0.01 | BG242: 0 | BH242: 0 | BI242: 0 | BJ242: 0 | BK242: 0 | BL242: 0 | BM242: 0 | BN242: 0 | BO242: 0 | BP242: 0 | BQ242: 0 | BR242: 99999999 | BS242: 'L' | BT242: 'L' | BU242: 'L' | BV242: 'L' | BW242: 'L' | BX242: 'L' | BY242: 'L' | BZ242: 'L' | CA242: 0 | CB242: 0 | CC242: 'L' | CD242: 'L' | CE242: 'L' | CF242: 'L' | CG242: 'L' | CH242: 0 | CI242: 0 | CJ242: 0 | CK242: 0 | CL242: 'L' | CM242: 'L' | CN242: 'L' | CO242: 'L' | CP242: 0 | CQ242: 0 | CR242: 0 | CS242: 0 | CT242: 0 | CU242: 0 | CV242: 0 | CW242: 'L' | CX242: 'L' | CY242: 'L' | CZ242: 'L' | DA242: 0 | DB242: 'L' | DC242: 0 | DD242: 0 | DE242: 'L' | DF242: 0 | DG242: 'L' | DH242: 0 | DI242: 0 | DJ242: 0 | DK242: 'L' | DL242: 'L' | DM242: 'L' | DN242: 'L' | DO242: 'L' | DP242: 'L' | DQ242: 'L' | DR242: 'L' | DS242: 'L' | DT242: 'L' | DU242: 'L' | DV242: 'L' | DW242: 'L' | DX242: 'L' | DY242: 'L' | DZ242: 'L' | EA242: 'L' | EB242: 'L' | EC242: 2.9842795e-12 | ED242: 0 | EE242: 0 | EF242: -1 | EG242: 0 | EH242: 0 | EI242: 0 | EJ242: 2.9842795e-12 | EK242: 0 | EL242: 194089 | EM242: 0 | EN242: 1.2103235e-10 | EO242: 0 | EP242: 0 | EQ242: 0 | ER242: 0 | ES242: 0 | ET242: 0 | EU242: 0 | EV242: 0 | EW242: 0 | EX242: 0 | EY242: 0 | EZ242: 0 | FA242: 0 | FB242: 0 | FC242: 0 | FD242: 0 | FE242: 0 | FF242: 0 | FG242: 0 | FH242: 0 | FI242: 0 | FJ242: 0 | FK242: 0 | FL242: -1 | FM242: 0 | FN242: 0 | FO242: 0 | FP242: 0 | FQ242: 0 | FR242: 0 | FS242: 0 | FT242: 0 | FU242: 0 | FV242: 1 | FW242: 0 | FX242: 0 | FY242: 0 | FZ242: 0 | GA242: 0 | GB242: 0 | GC242: 0 | GD242: 0 | GE242: 0 | GF242: 0 | GG242: 0 | GH242: 0 | GI242: 0 | GJ242: 160837 | GK242: 272638 | GL242: 0 | GM242: 0 | GN242: 0 | GO242: 634123 | GP242: 634123 | GQ242: 0 | GR242: 0 | GS242: 150067 | GT242: 150067 | GU242: 0 | GV242: 'Platoon_Tree' | GW242: 1 | GX242: 0 | GY242: 94988783 | GZ242: 167.026 | HA242: 158.04258 | HB242: 158.04258 | HC242: 158.04258 | HD242: 167.026 | HE242: 0.053784588 | HF242: 3600.132 | HG242: 10956.183 | HH242: 9 | HI242: 5 | HJ242: 1218162 | HK242: 0 | HL242: 1 | HM242: 1 | HN242: -1 | HO242: 1 | HP242: 0 | HQ242: 0 | HR242: 0 | HS242: 0 | HT242: 891 | HU242: 0.005 | HV242: 1 | HW242: 1 | HX242: 1 | HY242: 1 | HZ242: 1782 | IA242: 0.01 | IB242: 0 | IC242: 0 | ID242: 0 | IE242: 0 | IF242: 0 | IG242: 0 | IH242: 0 | II242: 0 | IJ242: 0 | IK242: 0 | IL242: 0 | IM242: 99999999 | IN242: 'L' | IO242: 'L' | IP242: 'L' | IQ242: 'L' | IR242: 'L' | IS242: 'L' | IT242: 'L' | IU242: 'L' | IV242: 0 | IW242: 0 | IX242: 'L' | IY242: 'L' | IZ242: 'L' | JA242: 'L' | JB242: 'L' | JC242: 0 | JD242: 0 | JE242: 0 | JF242: 0 | JG242: 'L' | JH242: 'L' | JI242: 'L' | JJ242: 'L' | JK242: 0 | JL242: 0 | JM242: 0 | JN242: 0 | JO242: 0 | JP242: 0 | JQ242: 0 | JR242: 'L' | JS242: 'L' | JT242: 'L' | JU242: 'L' | JV242: 0 | JW242: 'L' | JX242: 0 | JY242: 0 | JZ242: 'L' | KA242: 0 | KB242: 'L' | KC242: 0 | KD242: 0 | KE242: 0 | KF242: 'L' | KG242: 'L' | KH242: 'L' | KI242: 'L' | KJ242: 'L' | KK242: 'L' | KL242: 'L' | KM242: 'L' | KN242: 'L' | KO242: 'L' | KP242: 'L' | KQ242: 'L' | KR242: 'L' | KS242: 'L' | KT242: 'L' | KU242: 'L' | KV242: 'L' | KW242: 'L' | KX242: 2.9842795e-12 | KY242: 0 | KZ242: 0 | LA242: -1 | LB242: 0 | LC242: 0 | LD242: 0 | LE242: 2.9842795e-12 | LF242: 0 | LG242: 194089 | LH242: 0 | LI242: 1.2103235e-10 | LJ242: 0 | LK242: 0 | LL242: 0 | LM242: 0 | LN242: 0 | LO242: 0 | LP242: 0 | LQ242: 0 | LR242: 0 | LS242: 0 | LT242: 0 | LU242: 0 | LV242: 0 | LW242: 0 | LX242: 0 | LY242: 0 | LZ242: 0 | MA242: 0 | MB242: 0 | MC242: 0 | MD242: 0 | ME242: 0 | MF242: 0 | MG242: -1 | MH242: 0 | MI242: 0 | MJ242: 0 | MK242: 0 | ML242: 0 | MM242: 0 | MN242: 0 | MO242: 0 | MP242: 0 | MQ242: 1 | MR242: 0 | MS242: 0 | MT242: 0 | MU242: 0 | MV242: 0 | MW242: 0 | MX242: 0 | MY242: 0 | MZ242: 0 | NA242: 0 | NB242: 0 | NC242: 0 | ND242: 0 | NE242: 'line']
A243: 241 | B243: 3 | C243: 100 | D243: 0.005 | E243: 1 | F243: 10 | G243: 3 | H243: 0.0333 | I243: 30 | J243: 10 | N243: 9: 'TIME_LIMIT'
A244: 242 | B244: 3 | C244: 100 | D244: 0.005 | E244: 1 | F244: 10 | G244: 2 | H244: 0.0333 | I244: 30 | J244: 50 | K244: 159.6425 | L244: 3600.5542 | M244: 0.0095492858 | O244: 72019 | P244: 116608 | Q244: 0 | R244: 0 | S244: 0 | T244: 262116 | U244: 262116 | V244: 0 | W244: 0 | X244: 67345 | Y244: 67345 | Z244: 0 | AA244: 'Platoon_Tree' | AB244: 1 | AC244: 0 | AD244: 1467820770 | AE244: 159.6425 | AF244: 158.11803 | AG244: 158.11803 | AH244: 158.11803 | AI244: 159.6425 | AJ244: 0.0095492858 | AK244: 3600.52 | AL244: 2876.6945 | AM244: 9 | AN244: 10 | AO244: 1011928 | AP244: 0 | AQ244: 1 | AR244: 1 | AS244: -1 | AT244: 1 | AU244: 0 | AV244: 0 | AW244: 0 | AX244: 0 | AY244: 883 | AZ244: 0.019 | BA244: 1 | BB244: 1 | BC244: 1 | BD244: 1 | BE244: 1766 | BF244: 0.01 | BG244: 0 | BH244: 0 | BI244: 0 | BJ244: 0 | BK244: 0 | BL244: 0 | BM244: 0 | BN244: 0 | BO244: 0 | BP244: 0 | BQ244: 0 | BR244: 99999999 | BS244: 'L' | BT244: 'L' | BU244: 'L' | BV244: 'L' | BW244: 'L' | BX244: 'L' | BY244: 'L' | BZ244: 'L' | CA244: 0 | CB244: 0 | CC244: 'L' | CD244: 'L' | CE244: 'L' | CF244: 'L' | CG244: 'L' | CH244: 0 | CI244: 0 | CJ244: 0 | CK244: 0 | CL244: 'L' | CM244: 'L' | CN244: 'L' | CO244: 'L' | CP244: 0 | CQ244: 0 | CR244: 0 | CS244: 0 | CT244: 0 | CU244: 0 | CV244: 0 | CW244: 'L' | CX244: 'L' | CY244: 'L' | CZ244: 'L' | DA244: 0 | DB244: 'L' | DC244: 0 | DD244: 0 | DE244: 'L' | DF244: 0 | DG244: 'L' | DH244: 0 | DI244: 0 | DJ244: 0 | DK244: 'L' | DL244: 'L' | DM244: 'L' | DN244: 'L' | DO244: 'L' | DP244: 'L' | DQ244: 'L' | DR244: 'L' | DS244: 'L' | DT244: 'L' | DU244: 'L' | DV244: 'L' | DW244: 'L' | DX244: 'L' | DY244: 'L' | DZ244: 'L' | EA244: 'L' | EB244: 'L' | EC244: 8.96e-07 | ED244: 0 | EE244: 0 | EF244: -1 | EG244: 0 | EH244: 0 | EI244: 0 | EJ244: 6.666665e-10 | EK244: 0 | EL244: 59165 | EM244: 0 | EN244: 9.0985504e-10 | EO244: 0 | EP244: 0 | EQ244: 0 | ER244: 0 | ES244: 0 | ET244: 0 | EU244: 0 | EV244: 0 | EW244: 0 | EX244: 0 | EY244: 0 | EZ244: 0 | FA244: 0 | FB244: 0 | FC244: 0 | FD244: 0 | FE244: 0 | FF244: 0 | FG244: 0 | FH244: 0 | FI244: 0 | FJ244: 0 | FK244: 8.96e-07 | FL244: 29346 | FM244: 1.7913333e-06 | FN244: 0 | FO244: 0 | FP244: 0 | FQ244: 0 | FR244: 0 | FS244: 0 | FT244: 0 | FU244: 0 | FV244: 1 | FW244: 0 | FX244: 0 | FY244: 0 | FZ244: 0 | GA244: 0 | GB244: 0 | GC244: 0 | GD244: 0 | GE244: 0 | GF244: 0 | GG244: 0 | GH244: 0 | GI244: 0 | GJ244: 72019 | GK244: 116608 | GL244: 0 | GM244: 0 | GN244: 0 | GO244: 262116 | GP244: 262116 | GQ244: 0 | GR244: 0 | GS244: 67345 | GT244: 67345 | GU244: 0 | GV244: 'Platoon_Tree' | GW244: 1 | GX244: 0 | GY244: 1467820770 | GZ244: 159.6425 | HA244: 158.11803 | HB244: 158.11803 | HC244: 158.11803 | HD244: 159.6425 | HE244: 0.0095492858 | HF244: 3600.52 | HG244: 2876.6945 | HH244: 9 | HI244: 10 | HJ244: 1011928 | HK244: 0 | HL244: 1 | HM244: 1 | HN244: -1 | HO244: 1 | HP244: 0 | HQ244: 0 | HR244: 0 | HS244: 0 | HT244: 883 | HU244: 0.019 | HV244: 1 | HW244: 1 | HX244: 1 | HY244: 1 | HZ244: 1766 | IA244: 0.01 | IB244: 0 | IC244: 0 | ID244: 0 | IE244: 0 | IF244: 0 | IG244: 0 | IH244: 0 | II244: 0 | IJ244: 0 | IK244: 0 | IL244: 0 | IM244: 99999999 | IN244: 'L' | IO244: 'L' | IP244: 'L' | IQ244: 'L' | IR244: 'L' | IS244: 'L' | IT244: 'L' | IU244: 'L' | IV244: 0 | IW244: 0 | IX244: 'L' | IY244: 'L' | IZ244: 'L' | JA244: 'L' | JB244: 'L' | JC244: 0 | JD244: 0 | JE244: 0 | JF244: 0 | JG244: 'L' | JH244: 'L' | JI244: 'L' | JJ244: 'L' | JK244: 0 | JL244: 0 | JM244: 0 | JN244: 0 | JO244: 0 | JP244: 0 | JQ244: 0 | JR244: 'L' | JS244: 'L' | JT244: 'L' | JU244: 'L' | JV244: 0 | JW244: 'L' | JX244: 0 | JY244: 0 | JZ244: 'L' | KA244: 0 | KB244: 'L' | KC244: 0 | KD244: 0 | KE244: 0 | KF244: 'L' | KG244: 'L' | KH244: 'L' | KI244: 'L' | KJ244: 'L' | KK244: 'L' | KL244: 'L' | KM244: 'L' | KN244: 'L' | KO244: 'L' | KP244: 'L' | KQ244: 'L' | KR244: 'L' | KS244: 'L' | KT244: 'L' | KU244: 'L' | KV244: 'L' | KW244: 'L' | KX244: 8.96e-07 | KY244: 0 | KZ244: 0 | LA244: -1 | LB244: 0 | LC244: 0 | LD244: 0 | LE244: 6.666665e-10 | LF244: 0 | LG244: 59165 | LH244: 0 | LI244: 9.0985504e-10 | LJ244: 0 | LK244: 0 | LL244: 0 | LM244: 0 | LN244: 0 | LO244: 0 | LP244: 0 | LQ244: 0 | LR244: 0 | LS244: 0 | LT244: 0 | LU244: 0 | LV244: 0 | LW244: 0 | LX244: 0 | LY244: 0 | LZ244: 0 | MA244: 0 | MB244: 0 | MC244: 0 | MD244: 0 | ME244: 0 | MF244: 8.96e-07 | MG244: 29346 | MH244: 1.7913333e-06 | MI244: 0 | MJ244: 0 | MK244: 0 | ML244: 0 | MM244: 0 | MN244: 0 | MO244: 0 | MP244: 0 | MQ244: 1 | MR244: 0 | MS244: 0 | MT244: 0 | MU244: 0 | MV244: 0 | MW244: 0 | MX244: 0 | MY244: 0 | MZ244: 0 | NA244: 0 | NB244: 0 | NC244: 0 | ND244: 0 | NE244: 'line']
A245: 243 | B245: 3 | C245: 100 | D245: 0.005 | E245: 1 | F245: 10 | G245: 1 | H245: 0.0333 | I245: 30 | J245: 50 | K245: 159.13 | L245: 3600.458 | M245: 0.0063817655 | O245: 72019 | P245: 116430 | Q245: 0 | R245: 0 | S245: 0 | T245: 259755 | U245: 259755 | V245: 0 | W245: 0 | X245: 67345 | Y245: 67345 | Z245: 0 | AA245: 'Platoon_Tree' | AB245: 1 | AC245: 0 | AD245: 916198061 | AE245: 159.13 | AF245: 158.11447 | AG245: 158.11447 | AH245: 158.11447 | AI245: 159.13 | AJ245: 0.0063817655 | AK245: 3600.407 | AL245: 2656.2017 | AM245: 9 | AN245: 10 | AO245: 1032491 | AP245: 0 | AQ245: 1 | AR245: 1 | AS245: -1 | AT245: 1 | AU245: 0 | AV245: 0 | AW245: 0 | AX245: 0 | AY245: 897 | AZ245: 0.019 | BA245: 1 | BB245: 1 | BC245: 1 | BD245: 1 | BE245: 1794 | BF245: 0.01 | BG245: 0 | BH245: 0 | BI245: 0 | BJ245: 0 | BK245: 0 | BL245: 0 | BM245: 0 | BN245: 0 | BO245: 0 | BP245: 0 | BQ245: 0 | BR245: 99999999 | BS245: 'L' | BT245: 'L' | BU245: 'L' | BV245: 'L' | BW245: 'L' | BX245: 'L' | BY245: 'L' | BZ245: 'L' | CA245: 0 | CB245: 0 | CC245: 'L' | CD245: 'L' | CE245: 'L' | CF245: 'L' | CG245: 'L' | CH245: 0 | CI245: 0 | CJ245: 0 | CK245: 0 | CL245: 'L' | CM245: 'L' | CN245: 'L' | CO245: 'L' | CP245: 0 | CQ245: 0 | CR245: 0 | CS245: 0 | CT245: 0 | CU245: 0 | CV245: 0 | CW245: 'L' | CX245: 'L' | CY245: 'L' | CZ245: 'L' | DA245: 0 | DB245: 'L' | DC245: 0 | DD245: 0 | DE245: 'L' | DF245: 0 | DG245: 'L' | DH245: 0 | DI245: 0 | DJ245: 0 | DK245: 'L' | DL245: 'L' | DM245: 'L' | DN245: 'L' | DO245: 'L' | DP245: 'L' | DQ245: 'L' | DR245: 'L' | DS245: 'L' | DT245: 'L' | DU245: 'L' | DV245: 'L' | DW245: 'L' | DX245: 'L' | DY245: 'L' | DZ245: 'L' | EA245: 'L' | EB245: 'L' | EC245: 7.9741259e-07 | ED245: 0 | EE245: 0 | EF245: -1 | EG245: 0 | EH245: 0 | EI245: 0 | EJ245: 7.9664336e-07 | EK245: 0 | EL245: 59903 | EM245: 0 | EN245: 7.9765983e-07 | EO245: 0 | EP245: 0 | EQ245: 0 | ER245: 0 | ES245: 0 | ET245: 0 | EU245: 0 | EV245: 0 | EW245: 0 | EX245: 0 | EY245: 0 | EZ245: 0 | FA245: 0 | FB245: 0 | FC245: 0 | FD245: 0 | FE245: 0 | FF245: 0 | FG245: 0 | FH245: 0 | FI245: 0 | FJ245: 0 | FK245: 7.9741259e-07 | FL245: 6380 | FM245: 1.5940559e-06 | FN245: 0 | FO245: 0 | FP245: 0 | FQ245: 0 | FR245: 0 | FS245: 0 | FT245: 0 | FU245: 0 | FV245: 1 | FW245: 0 | FX245: 0 | FY245: 0 | FZ245: 0 | GA245: 0 | GB245: 0 | GC245: 0 | GD245: 0 | GE245: 0 | GF245: 0 | GG245: 0 | GH245: 0 | GI245: 0 | GJ245: 72019 | GK245: 116430 | GL245: 0 | GM245: 0 | GN245: 0 | GO245: 259755 | GP245: 259755 | GQ245: 0 | GR245: 0 | GS245: 67345 | GT245: 67345 | GU245: 0 | GV245: 'Platoon_Tree' | GW245: 1 | GX245: 0 | GY245: 916198061 | GZ245: 159.13 | HA245: 158.11447 | HB245: 158.11447 | HC245: 158.11447 | HD245: 159.13 | HE245: 0.0063817655 | HF245: 3600.407 | HG245: 2656.2017 | HH245: 9 | HI245: 10 | HJ245: 1032491 | HK245: 0 | HL245: 1 | HM245: 1 | HN245: -1 | HO245: 1 | HP245: 0 | HQ245: 0 | HR245: 0 | HS245: 0 | HT245: 897 | HU245: 0.019 | HV245: 1 | HW245: 1 | HX245: 1 | HY245: 1 | HZ245: 1794 | IA245: 0.01 | IB245: 0 | IC245: 0 | ID245: 0 | IE245: 0 | IF245: 0 | IG245: 0 | IH245: 0 | II245: 0 | IJ245: 0 | IK245: 0 | IL245: 0 | IM245: 99999999 | IN245: 'L' | IO245: 'L' | IP245: 'L' | IQ245: 'L' | IR245: 'L' | IS245: 'L' | IT245: 'L' | IU245: 'L' | IV245: 0 | IW245: 0 | IX245: 'L' | IY245: 'L' | IZ245: 'L' | JA245: 'L' | JB245: 'L' | JC245: 0 | JD245: 0 | JE245: 0 | JF245: 0 | JG245: 'L' | JH245: 'L' | JI245: 'L' | JJ245: 'L' | JK245: 0 | JL245: 0 | JM245: 0 | JN245: 0 | JO245: 0 | JP245: 0 | JQ245: 0 | JR245: 'L' | JS245: 'L' | JT245: 'L' | JU245: 'L' | JV245: 0 | JW245: 'L' | JX245: 0 | JY245: 0 | JZ245: 'L' | KA245: 0 | KB245: 'L' | KC245: 0 | KD245: 0 | KE245: 0 | KF245: 'L' | KG245: 'L' | KH245: 'L' | KI245: 'L' | KJ245: 'L' | KK245: 'L' | KL245: 'L' | KM245: 'L' | KN245: 'L' | KO245: 'L' | KP245: 'L' | KQ245: 'L' | KR245: 'L' | KS245: 'L' | KT245: 'L' | KU245: 'L' | KV245: 'L' | KW245: 'L' | KX245: 7.9741259e-07 | KY245: 0 | KZ245: 0 | LA245: -1 | LB245: 0 | LC245: 0 | LD245: 0 | LE245: 7.9664336e-07 | LF245: 0 | LG245: 59903 | LH245: 0 | LI245: 7.9765983e-07 | LJ245: 0 | LK245: 0 | LL245: 0 | LM245: 0 | LN245: 0 | LO245: 0 | LP245: 0 | LQ245: 0 | LR245: 0 | LS245: 0 | LT245: 0 | LU245: 0 | LV245: 0 | LW245: 0 | LX245: 0 | LY245: 0 | LZ245: 0 | MA245: 0 | MB245: 0 | MC245: 0 | MD245: 0 | ME245: 0 | MF245: 7.9741259e-07 | MG245: 6380 | MH245: 1.5940559e-06 | MI245: 0 | MJ245: 0 | MK245: 0 | ML245: 0 | MM245: 0 | MN245: 0 | MO245: 0 | MP245: 0 | MQ245: 1 | MR245: 0 | MS245: 0 | MT245: 0 | MU245: 0 | MV245: 0 | MW245: 0 | MX245: 0 | MY245: 0 | MZ245: 0 | NA245: 0 | NB245: 0 | NC245: 0 | ND245: 0 | NE245: 'line']
A246: 244 | B246: 3 | C246: 100 | D246: 0.005 | E246: 1 | F246: 10 | G246: 3 | H246: 0.0333 | I246: 60 | J246: 50 | K246: 158.652 | L246: 3619.1002 | M246: 0.0080428165 | O246: 72019 | P246: 163156 | Q246: 0 | R246: 0 | S246: 0 | T246: 459816 | U246: 459816 | V246: 0 | W246: 0 | X246: 67345 | Y246: 67345 | Z246: 0 | AA246: 'Platoon_Tree' | AB246: 1 | AC246: 0 | AD246: 787911652 | AE246: 158.652 | AF246: 157.37599 | AG246: 157.37599 | AH246: 157.37599 | AI246: 158.652 | AJ246: 0.0080428165 | AK246: 3619.051 | AL246: 7852.6821 | AM246: 9 | AN246: 10 | AO246: 2528606 | AP246: 0 | AQ246: 3090 | AR246: 3031 | AS246: -1 | AT246: 1 | AU246: 0 | AV246: 0 | AW246: 0 | AX246: 0 | AY246: 873 | AZ246: 0.019 | BA246: 1 | BB246: 1 | BC246: 1 | BD246: 1 | BE246: 1746 | BF246: 0.01 | BG246: 0 | BH246: 0 | BI246: 0 | BJ246: 0 | BK246: 0 | BL246: 0 | BM246: 0 | BN246: 0 | BO246: 0 | BP246: 0 | BQ246: 0 | BR246: 99999999 | BS246: 'L' | BT246: 'L' | BU246: 'L' | BV246: 'L' | BW246: 'L' | BX246: 'L' | BY246: 'L' | BZ246: 'L' | CA246: 0 | CB246: 0 | CC246: 'L' | CD246: 'L' | CE246: 'L' | CF246: 'L' | CG246: 'L' | CH246: 0 | CI246: 0 | CJ246: 0 | CK246: 0 | CL246: 'L' | CM246: 'L' | CN246: 'L' | CO246: 'L' | CP246: 0 | CQ246: 0 | CR246: 0 | CS246: 0 | CT246: 0 | CU246: 0 | CV246: 0 | CW246: 'L' | CX246: 'L' | CY246: 'L' | CZ246: 'L' | DA246: 0 | DB246: 'L' | DC246: 0 | DD246: 0 | DE246: 'L' | DF246: 0 | DG246: 'L' | DH246: 0 | DI246: 0 | DJ246: 0 | DK246: 'L' | DL246: 'L' | DM246: 'L' | DN246: 'L' | DO246: 'L' | DP246: 'L' | DQ246: 'L' | DR246: 'L' | DS246: 'L' | DT246: 'L' | DU246: 'L' | DV246: 'L' | DW246: 'L' | DX246: 'L' | DY246: 'L' | DZ246: 'L' | EA246: 'L' | EB246: 'L' | EC246: 2.2737368e-12 | ED246: 0 | EE246: 0 | EF246: -1 | EG246: 0 | EH246: 0 | EI246: 0 | EJ246: 2.2737368e-12 | EK246: 0 | EL246: 119360 | EM246: 0 | EN246: 7.8749972e-11 | EO246: 0 | EP246: 0 | EQ246: 0 | ER246: 0 | ES246: 0 | ET246: 0 | EU246: 0 | EV246: 0 | EW246: 0 | EX246: 0 | EY246: 0 | EZ246: 0 | FA246: 0 | FB246: 0 | FC246: 0 | FD246: 0 | FE246: 0 | FF246: 0 | FG246: 0 | FH246: 0 | FI246: 0 | FJ246: 0 | FK246: 0 | FL246: -1 | FM246: 0 | FN246: 0 | FO246: 0 | FP246: 0 | FQ246: 0 | FR246: 0 | FS246: 0 | FT246: 0 | FU246: 0 | FV246: 1 | FW246: 0 | FX246: 0 | FY246: 0 | FZ246: 0 | GA246: 0 | GB246: 0 | GC246: 0 | GD246: 0 | GE246: 0 | GF246: 0 | GG246: 0 | GH246: 0 | GI246: 0 | GJ246: 72019 | GK246: 163156 | GL246: 0 | GM246: 0 | GN246: 0 | GO246: 459816 | GP246: 459816 | GQ246: 0 | GR246: 0 | GS246: 67345 | GT246: 67345 | GU246: 0 | GV246: 'Platoon_Tree' | GW246: 1 | GX246: 0 | GY246: 787911652 | GZ246: 158.652 | HA246: 157.37599 | HB246: 157.37599 | HC246: 157.37599 | HD246: 158.652 | HE246: 0.0080428165 | HF246: 3619.051 | HG246: 7852.6821 | HH246: 9 | HI246: 10 | HJ246: 2528606 | HK246: 0 | HL246: 3090 | HM246: 3031 | HN246: -1 | HO246: 1 | HP246: 0 | HQ246: 0 | HR246: 0 | HS246: 0 | HT246: 873 | HU246: 0.019 | HV246: 1 | HW246: 1 | HX246: 1 | HY246: 1 | HZ246: 1746 | IA246: 0.01 | IB246: 0 | IC246: 0 | ID246: 0 | IE246: 0 | IF246: 0 | IG246: 0 | IH246: 0 | II246: 0 | IJ246: 0 | IK246: 0 | IL246: 0 | IM246: 99999999 | IN246: 'L' | IO246: 'L' | IP246: 'L' | IQ246: 'L' | IR246: 'L' | IS246: 'L' | IT246: 'L' | IU246: 'L' | IV246: 0 | IW246: 0 | IX246: 'L' | IY246: 'L' | IZ246: 'L' | JA246: 'L' | JB246: 'L' | JC246: 0 | JD246: 0 | JE246: 0 | JF246: 0 | JG246: 'L' | JH246: 'L' | JI246: 'L' | JJ246: 'L' | JK246: 0 | JL246: 0 | JM246: 0 | JN246: 0 | JO246: 0 | JP246: 0 | JQ246: 0 | JR246: 'L' | JS246: 'L' | JT246: 'L' | JU246: 'L' | JV246: 0 | JW246: 'L' | JX246: 0 | JY246: 0 | JZ246: 'L' | KA246: 0 | KB246: 'L' | KC246: 0 | KD246: 0 | KE246: 0 | KF246: 'L' | KG246: 'L' | KH246: 'L' | KI246: 'L' | KJ246: 'L' | KK246: 'L' | KL246: 'L' | KM246: 'L' | KN246: 'L' | KO246: 'L' | KP246: 'L' | KQ246: 'L' | KR246: 'L' | KS246: 'L' | KT246: 'L' | KU246: 'L' | KV246: 'L' | KW246: 'L' | KX246: 2.2737368e-12 | KY246: 0 | KZ246: 0 | LA246: -1 | LB246: 0 | LC246: 0 | LD246: 0 | LE246: 2.2737368e-12 | LF246: 0 | LG246: 119360 | LH246: 0 | LI246: 7.8749972e-11 | LJ246: 0 | LK246: 0 | LL246: 0 | LM246: 0 | LN246: 0 | LO246: 0 | LP246: 0 | LQ246: 0 | LR246: 0 | LS246: 0 | LT246: 0 | LU246: 0 | LV246: 0 | LW246: 0 | LX246: 0 | LY246: 0 | LZ246: 0 | MA246: 0 | MB246: 0 | MC246: 0 | MD246: 0 | ME246: 0 | MF246: 0 | MG246: -1 | MH246: 0 | MI246: 0 | MJ246: 0 | MK246: 0 | ML246: 0 | MM246: 0 | MN246: 0 | MO246: 0 | MP246: 0 | MQ246: 1 | MR246: 0 | MS246: 0 | MT246: 0 | MU246: 0 | MV246: 0 | MW246: 0 | MX246: 0 | MY246: 0 | MZ246: 0 | NA246: 0 | NB246: 0 | NC246: 0 | ND246: 0 | NE246: 'line']
A247: 245 | B247: 3 | C247: 100 | D247: 0.005 | E247: 1 | F247: 10 | G247: 3 | H247: 0.0333 | I247: 90 | J247: 50 | K247: 157.9745 | L247: 3608.6399 | M247: 0.0046116093 | O247: 72019 | P247: 215666 | Q247: 0 | R247: 0 | S247: 0 | T247: 681586 | U247: 681586 | V247: 0 | W247: 0 | X247: 67345 | Y247: 67345 | Z247: 0 | AA247: 'Platoon_Tree' | AB247: 1 | AC247: 0 | AD247: 226549054 | AE247: 157.9745 | AF247: 157.24598 | AG247: 157.24598 | AH247: 157.24598 | AI247: 157.9745 | AJ247: 0.0046116093 | AK247: 3608.574 | AL247: 7507.5931 | AM247: 9 | AN247: 10 | AO247: 5150685 | AP247: 0 | AQ247: 7445 | AR247: 7285 | AS247: -1 | AT247: 1 | AU247: 0 | AV247: 0 | AW247: 0 | AX247: 0 | AY247: 873 | AZ247: 0.019 | BA247: 1 | BB247: 1 | BC247: 1 | BD247: 1 | BE247: 1746 | BF247: 0.01 | BG247: 0 | BH247: 0 | BI247: 0 | BJ247: 0 | BK247: 0 | BL247: 0 | BM247: 0 | BN247: 0 | BO247: 0 | BP247: 0 | BQ247: 0 | BR247: 99999999 | BS247: 'L' | BT247: 'L' | BU247: 'L' | BV247: 'L' | BW247: 'L' | BX247: 'L' | BY247: 'L' | BZ247: 'L' | CA247: 0 | CB247: 0 | CC247: 'L' | CD247: 'L' | CE247: 'L' | CF247: 'L' | CG247: 'L' | CH247: 0 | CI247: 0 | CJ247: 0 | CK247: 0 | CL247: 'L' | CM247: 'L' | CN247: 'L' | CO247: 'L' | CP247: 0 | CQ247: 0 | CR247: 0 | CS247: 0 | CT247: 0 | CU247: 0 | CV247: 0 | CW247: 'L' | CX247: 'L' | CY247: 'L' | CZ247: 'L' | DA247: 0 | DB247: 'L' | DC247: 0 | DD247: 0 | DE247: 'L' | DF247: 0 | DG247: 'L' | DH247: 0 | DI247: 0 | DJ247: 0 | DK247: 'L' | DL247: 'L' | DM247: 'L' | DN247: 'L' | DO247: 'L' | DP247: 'L' | DQ247: 'L' | DR247: 'L' | DS247: 'L' | DT247: 'L' | DU247: 'L' | DV247: 'L' | DW247: 'L' | DX247: 'L' | DY247: 'L' | DZ247: 'L' | EA247: 'L' | EB247: 'L' | EC247: 9.777068e-12 | ED247: 0 | EE247: 0 | EF247: -1 | EG247: 0 | EH247: 0 | EI247: 0 | EJ247: 9.777068e-12 | EK247: 0 | EL247: 191671 | EM247: 0 | EN247: 8.0162141e-10 | EO247: 0 | EP247: 0 | EQ247: 0 | ER247: 0 | ES247: 0 | ET247: 0 | EU247: 0 | EV247: 0 | EW247: 0 | EX247: 0 | EY247: 0 | EZ247: 0 | FA247: 0 | FB247: 0 | FC247: 0 | FD247: 0 | FE247: 0 | FF247: 0 | FG247: 0 | FH247: 0 | FI247: 0 | FJ247: 0 | FK247: 0 | FL247: -1 | FM247: 0 | FN247: 0 | FO247: 0 | FP247: 0 | FQ247: 0 | FR247: 0 | FS247: 0 | FT247: 0 | FU247: 0 | FV247: 1 | FW247: 0 | FX247: 0 | FY247: 0 | FZ247: 0 | GA247: 0 | GB247: 0 | GC247: 0 | GD247: 0 | GE247: 0 | GF247: 0 | GG247: 0 | GH247: 0 | GI247: 0 | GJ247: 72019 | GK247: 215666 | GL247: 0 | GM247: 0 | GN247: 0 | GO247: 681586 | GP247: 681586 | GQ247: 0 | GR247: 0 | GS247: 67345 | GT247: 67345 | GU247: 0 | GV247: 'Platoon_Tree' | GW247: 1 | GX247: 0 | GY247: 226549054 | GZ247: 157.9745 | HA247: 157.24598 | HB247: 157.24598 | HC247: 157.24598 | HD247: 157.9745 | HE247: 0.0046116093 | HF247: 3608.574 | HG247: 7507.5931 | HH247: 9 | HI247: 10 | HJ247: 5150685 | HK247: 0 | HL247: 7445 | HM247: 7285 | HN247: -1 | HO247: 1 | HP247: 0 | HQ247: 0 | HR247: 0 | HS247: 0 | HT247: 873 | HU247: 0.019 | HV247: 1 | HW247: 1 | HX247: 1 | HY247: 1 | HZ247: 1746 | IA247: 0.01 | IB247: 0 | IC247: 0 | ID247: 0 | IE247: 0 | IF247: 0 | IG247: 0 | IH247: 0 | II247: 0 | IJ247: 0 | IK247: 0 | IL247: 0 | IM247: 99999999 | IN247: 'L' | IO247: 'L' | IP247: 'L' | IQ247: 'L' | IR247: 'L' | IS247: 'L' | IT247: 'L' | IU247: 'L' | IV247: 0 | IW247: 0 | IX247: 'L' | IY247: 'L' | IZ247: 'L' | JA247: 'L' | JB247: 'L' | JC247: 0 | JD247: 0 | JE247: 0 | JF247: 0 | JG247: 'L' | JH247: 'L' | JI247: 'L' | JJ247: 'L' | JK247: 0 | JL247: 0 | JM247: 0 | JN247: 0 | JO247: 0 | JP247: 0 | JQ247: 0 | JR247: 'L' | JS247: 'L' | JT247: 'L' | JU247: 'L' | JV247: 0 | JW247: 'L' | JX247: 0 | JY247: 0 | JZ247: 'L' | KA247: 0 | KB247: 'L' | KC247: 0 | KD247: 0 | KE247: 0 | KF247: 'L' | KG247: 'L' | KH247: 'L' | KI247: 'L' | KJ247: 'L' | KK247: 'L' | KL247: 'L' | KM247: 'L' | KN247: 'L' | KO247: 'L' | KP247: 'L' | KQ247: 'L' | KR247: 'L' | KS247: 'L' | KT247: 'L' | KU247: 'L' | KV247: 'L' | KW247: 'L' | KX247: 9.777068e-12 | KY247: 0 | KZ247: 0 | LA247: -1 | LB247: 0 | LC247: 0 | LD247: 0 | LE247: 9.777068e-12 | LF247: 0 | LG247: 191671 | LH247: 0 | LI247: 8.0162141e-10 | LJ247: 0 | LK247: 0 | LL247: 0 | LM247: 0 | LN247: 0 | LO247: 0 | LP247: 0 | LQ247: 0 | LR247: 0 | LS247: 0 | LT247: 0 | LU247: 0 | LV247: 0 | LW247: 0 | LX247: 0 | LY247: 0 | LZ247: 0 | MA247: 0 | MB247: 0 | MC247: 0 | MD247: 0 | ME247: 0 | MF247: 0 | MG247: -1 | MH247: 0 | MI247: 0 | MJ247: 0 | MK247: 0 | ML247: 0 | MM247: 0 | MN247: 0 | MO247: 0 | MP247: 0 | MQ247: 1 | MR247: 0 | MS247: 0 | MT247: 0 | MU247: 0 | MV247: 0 | MW247: 0 | MX247: 0 | MY247: 0 | MZ247: 0 | NA247: 0 | NB247: 0 | NC247: 0 | ND247: 0 | NE247: 'line']
A248: 246 | B248: 3 | C248: 100 | D248: 0.005 | E248: 1 | F248: 10 | G248: 3 | H248: 0.0333 | I248: 120 | J248: 50 | K248: 157.772 | L248: 3601.983 | M248: 0.0035855538 | O248: 72019 | P248: 267276 | Q248: 0 | R248: 0 | S248: 0 | T248: 899120 | U248: 899120 | V248: 0 | W248: 0 | X248: 67345 | Y248: 67345 | Z248: 0 | AA248: 'Platoon_Tree' | AB248: 1 | AC248: 0 | AD248: -15426285 | AE248: 157.772 | AF248: 157.2063 | AG248: 157.2063 | AH248: 157.2063 | AI248: 157.772 | AJ248: 0.0035855538 | AK248: 3601.916 | AL248: 6663.9288 | AM248: 9 | AN248: 10 | AO248: 6404855 | AP248: 0 | AQ248: 8129 | AR248: 7090 | AS248: -1 | AT248: 1 | AU248: 0 | AV248: 0 | AW248: 0 | AX248: 0 | AY248: 873 | AZ248: 0.019 | BA248: 1 | BB248: 1 | BC248: 1 | BD248: 1 | BE248: 1746 | BF248: 0.01 | BG248: 0 | BH248: 0 | BI248: 0 | BJ248: 0 | BK248: 0 | BL248: 0 | BM248: 0 | BN248: 0 | BO248: 0 | BP248: 0 | BQ248: 0 | BR248: 99999999 | BS248: 'L' | BT248: 'L' | BU248: 'L' | BV248: 'L' | BW248: 'L' | BX248: 'L' | BY248: 'L' | BZ248: 'L' | CA248: 0 | CB248: 0 | CC248: 'L' | CD248: 'L' | CE248: 'L' | CF248: 'L' | CG248: 'L' | CH248: 0 | CI248: 0 | CJ248: 0 | CK248: 0 | CL248: 'L' | CM248: 'L' | CN248: 'L' | CO248: 'L' | CP248: 0 | CQ248: 0 | CR248: 0 | CS248: 0 | CT248: 0 | CU248: 0 | CV248: 0 | CW248: 'L' | CX248: 'L' | CY248: 'L' | CZ248: 'L' | DA248: 0 | DB248: 'L' | DC248: 0 | DD248: 0 | DE248: 'L' | DF248: 0 | DG248: 'L' | DH248: 0 | DI248: 0 | DJ248: 0 | DK248: 'L' | DL248: 'L' | DM248: 'L' | DN248: 'L' | DO248: 'L' | DP248: 'L' | DQ248: 'L' | DR248: 'L' | DS248: 'L' | DT248: 'L' | DU248: 'L' | DV248: 'L' | DW248: 'L' | DX248: 'L' | DY248: 'L' | DZ248: 'L' | EA248: 'L' | EB248: 'L' | EC248: 7.0485839e-12 | ED248: 0 | EE248: 0 | EF248: -1 | EG248: 0 | EH248: 0 | EI248: 0 | EJ248: 7.0485839e-12 | EK248: 0 | EL248: 141917 | EM248: 0 | EN248: 4.0699276e-10 | EO248: 0 | EP248: 0 | EQ248: 0 | ER248: 0 | ES248: 0 | ET248: 0 | EU248: 0 | EV248: 0 | EW248: 0 | EX248: 0 | EY248: 0 | EZ248: 0 | FA248: 0 | FB248: 0 | FC248: 0 | FD248: 0 | FE248: 0 | FF248: 0 | FG248: 0 | FH248: 0 | FI248: 0 | FJ248: 0 | FK248: 0 | FL248: -1 | FM248: 0 | FN248: 0 | FO248: 0 | FP248: 0 | FQ248: 0 | FR248: 0 | FS248: 0 | FT248: 0 | FU248: 0 | FV248: 1 | FW248: 0 | FX248: 0 | FY248: 0 | FZ248: 0 | GA248: 0 | GB248: 0 | GC248: 0 | GD248: 0 | GE248: 0 | GF248: 0 | GG248: 0 | GH248: 0 | GI248: 0 | GJ248: 72019 | GK248: 267276 | GL248: 0 | GM248: 0 | GN248: 0 | GO248: 899120 | GP248: 899120 | GQ248: 0 | GR248: 0 | GS248: 67345 | GT248: 67345 | GU248: 0 | GV248: 'Platoon_Tree' | GW248: 1 | GX248: 0 | GY248: -15426285 | GZ248: 157.772 | HA248: 157.2063 | HB248: 157.2063 | HC248: 157.2063 | HD248: 157.772 | HE248: 0.0035855538 | HF248: 3601.916 | HG248: 6663.9288 | HH248: 9 | HI248: 10 | HJ248: 6404855 | HK248: 0 | HL248: 8129 | HM248: 7090 | HN248: -1 | HO248: 1 | HP248: 0 | HQ248: 0 | HR248: 0 | HS248: 0 | HT248: 873 | HU248: 0.019 | HV248: 1 | HW248: 1 | HX248: 1 | HY248: 1 | HZ248: 1746 | IA248: 0.01 | IB248: 0 | IC248: 0 | ID248: 0 | IE248: 0 | IF248: 0 | IG248: 0 | IH248: 0 | II248: 0 | IJ248: 0 | IK248: 0 | IL248: 0 | IM248: 99999999 | IN248: 'L' | IO248: 'L' | IP248: 'L' | IQ248: 'L' | IR248: 'L' | IS248: 'L' | IT248: 'L' | IU248: 'L' | IV248: 0 | IW248: 0 | IX248: 'L' | IY248: 'L' | IZ248: 'L' | JA248: 'L' | JB248: 'L' | JC248: 0 | JD248: 0 | JE248: 0 | JF248: 0 | JG248: 'L' | JH248: 'L' | JI248: 'L' | JJ248: 'L' | JK248: 0 | JL248: 0 | JM248: 0 | JN248: 0 | JO248: 0 | JP248: 0 | JQ248: 0 | JR248: 'L' | JS248: 'L' | JT248: 'L' | JU248: 'L' | JV248: 0 | JW248: 'L' | JX248: 0 | JY248: 0 | JZ248: 'L' | KA248: 0 | KB248: 'L' | KC248: 0 | KD248: 0 | KE248: 0 | KF248: 'L' | KG248: 'L' | KH248: 'L' | KI248: 'L' | KJ248: 'L' | KK248: 'L' | KL248: 'L' | KM248: 'L' | KN248: 'L' | KO248: 'L' | KP248: 'L' | KQ248: 'L' | KR248: 'L' | KS248: 'L' | KT248: 'L' | KU248: 'L' | KV248: 'L' | KW248: 'L' | KX248: 7.0485839e-12 | KY248: 0 | KZ248: 0 | LA248: -1 | LB248: 0 | LC248: 0 | LD248: 0 | LE248: 7.0485839e-12 | LF248: 0 | LG248: 141917 | LH248: 0 | LI248: 4.0699276e-10 | LJ248: 0 | LK248: 0 | LL248: 0 | LM248: 0 | LN248: 0 | LO248: 0 | LP248: 0 | LQ248: 0 | LR248: 0 | LS248: 0 | LT248: 0 | LU248: 0 | LV248: 0 | LW248: 0 | LX248: 0 | LY248: 0 | LZ248: 0 | MA248: 0 | MB248: 0 | MC248: 0 | MD248: 0 | ME248: 0 | MF248: 0 | MG248: -1 | MH248: 0 | MI248: 0 | MJ248: 0 | MK248: 0 | ML248: 0 | MM248: 0 | MN248: 0 | MO248: 0 | MP248: 0 | MQ248: 1 | MR248: 0 | MS248: 0 | MT248: 0 | MU248: 0 | MV248: 0 | MW248: 0 | MX248: 0 | MY248: 0 | MZ248: 0 | NA248: 0 | NB248: 0 | NC248: 0 | ND248: 0 | NE248: 'line']
A249: 247 | B249: 4 | C249: 100 | D249: 0.005 | E249: 1 | F249: 1 | G249: 3 | H249: 0.0333 | I249: 30 | J249: 50 | K249: 165.525 | L249: 0.3843 | M249: 0 | O249: 81575 | P249: 148749 | Q249: 0 | R249: 0 | S249: 0 | T249: 366422 | U249: 366422 | V249: 0 | W249: 0 | X249: 76421 | Y249: 76421 | Z249: 0 | AA249: 'Platoon_Tree' | AB249: 1 | AC249: 0 | AD249: 411855870 | AE249: 165.525 | AF249: 165.525 | AG249: 165.525 | AH249: 165.525 | AI249: 165.525 | AJ249: 0 | AK249: 0.31699991 | AL249: 0.17030346 | AM249: 2 | AN249: 2 | AO249: 0 | AP249: 0 | AQ249: 0 | AR249: 0 | AS249: -1 | AT249: 1 | AU249: 0 | AV249: 0 | AW249: 0 | AX249: 0 | AY249: 795 | AZ249: 0.0185 | BA249: 1 | BB249: 1 | BC249: 1 | BD249: 1 | BE249: 1590 | BF249: 0.01 | BG249: 0 | BH249: 0 | BI249: 0 | BJ249: 0 | BK249: 0 | BL249: 0 | BM249: 0 | BN249: 0 | BO249: 0 | BP249: 0 | BQ249: 0 | BR249: 99999999 | BS249: 'L' | BT249: 'L' | BU249: 'L' | BV249: 'L' | BW249: 'L' | BX249: 'L' | BY249: 'L' | BZ249: 'L' | CA249: 0 | CB249: 0 | CC249: 'L' | CD249: 'L' | CE249: 'L' | CF249: 'L' | CG249: 'L' | CH249: 0 | CI249: 0 | CJ249: 0 | CK249: 0 | CL249: 'L' | CM249: 'L' | CN249: 'L' | CO249: 'L' | CP249: 0 | CQ249: 0 | CR249: 0 | CS249: 0 | CT249: 0 | CU249: 0 | CV249: 0 | CW249: 'L' | CX249: 'L' | CY249: 'L' | CZ249: 'L' | DA249: 0 | DB249: 'L' | DC249: 0 | DD249: 0 | DE249: 'L' | DF249: 0 | DG249: 'L' | DH249: 0 | DI249: 0 | DJ249: 0 | DK249: 'L' | DL249: 'L' | DM249: 'L' | DN249: 'L' | DO249: 'L' | DP249: 'L' | DQ249: 'L' | DR249: 'L' | DS249: 'L' | DT249: 'L' | DU249: 'L' | DV249: 'L' | DW249: 'L' | DX249: 'L' | DY249: 'L' | DZ249: 'L' | EA249: 'L' | EB249: 'L' | EC249: 1.1368684e-13 | ED249: 0 | EE249: 0 | EF249: -1 | EG249: 0 | EH249: 0 | EI249: 0 | EJ249: 1.1368684e-13 | EK249: 0 | EL249: 101527 | EM249: 0 | EN249: 4.8983907e-12 | EO249: 0 | EP249: 0 | EQ249: 0 | ER249: 0 | ES249: 0 | ET249: 0 | EU249: 0 | EV249: 0 | EW249: 0 | EX249: 0 | EY249: 0 | EZ249: 0 | FA249: 0 | FB249: 0 | FC249: 0 | FD249: 0 | FE249: 0 | FF249: 0 | FG249: 0 | FH249: 0 | FI249: 0 | FJ249: 0 | FK249: 0 | FL249: -1 | FM249: 0 | FN249: 0 | FO249: 0 | FP249: 0 | FQ249: 0 | FR249: 0 | FS249: 0 | FT249: 0 | FU249: 0 | FV249: 1 | FW249: 0 | FX249: 0 | FY249: 0 | FZ249: 0 | GA249: 0 | GB249: 0 | GC249: 0 | GD249: 0 | GE249: 0 | GF249: 0 | GG249: 0 | GH249: 0 | GI249: 0 | GJ249: 81575 | GK249: 148749 | GL249: 0 | GM249: 0 | GN249: 0 | GO249: 366422 | GP249: 366422 | GQ249: 0 | GR249: 0 | GS249: 76421 | GT249: 76421 | GU249: 0 | GV249: 'Platoon_Tree' | GW249: 1 | GX249: 0 | GY249: 411855870 | GZ249: 165.525 | HA249: 165.525 | HB249: 165.525 | HC249: 165.525 | HD249: 165.525 | HE249: 0 | HF249: 0.31699991 | HG249: 0.17030346 | HH249: 2 | HI249: 2 | HJ249: 0 | HK249: 0 | HL249: 0 | HM249: 0 | HN249: -1 | HO249: 1 | HP249: 0 | HQ249: 0 | HR249: 0 | HS249: 0 | HT249: 795 | HU249: 0.0185 | HV249: 1 | HW249: 1 | HX249: 1 | HY249: 1 | HZ249: 1590 | IA249: 0.01 | IB249: 0 | IC249: 0 | ID249: 0 | IE249: 0 | IF249: 0 | IG249: 0 | IH249: 0 | II249: 0 | IJ249: 0 | IK249: 0 | IL249: 0 | IM249: 99999999 | IN249: 'L' | IO249: 'L' | IP249: 'L' | IQ249: 'L' | IR249: 'L' | IS249: 'L' | IT249: 'L' | IU249: 'L' | IV249: 0 | IW249: 0 | IX249: 'L' | IY249: 'L' | IZ249: 'L' | JA249: 'L' | JB249: 'L' | JC249: 0 | JD249: 0 | JE249: 0 | JF249: 0 | JG249: 'L' | JH249: 'L' | JI249: 'L' | JJ249: 'L' | JK249: 0 | JL249: 0 | JM249: 0 | JN249: 0 | JO249: 0 | JP249: 0 | JQ249: 0 | JR249: 'L' | JS249: 'L' | JT249: 'L' | JU249: 'L' | JV249: 0 | JW249: 'L' | JX249: 0 | JY249: 0 | JZ249: 'L' | KA249: 0 | KB249: 'L' | KC249: 0 | KD249: 0 | KE249: 0 | KF249: 'L' | KG249: 'L' | KH249: 'L' | KI249: 'L' | KJ249: 'L' | KK249: 'L' | KL249: 'L' | KM249: 'L' | KN249: 'L' | KO249: 'L' | KP249: 'L' | KQ249: 'L' | KR249: 'L' | KS249: 'L' | KT249: 'L' | KU249: 'L' | KV249: 'L' | KW249: 'L' | KX249: 1.1368684e-13 | KY249: 0 | KZ249: 0 | LA249: -1 | LB249: 0 | LC249: 0 | LD249: 0 | LE249: 1.1368684e-13 | LF249: 0 | LG249: 101527 | LH249: 0 | LI249: 4.8983907e-12 | LJ249: 0 | LK249: 0 | LL249: 0 | LM249: 0 | LN249: 0 | LO249: 0 | LP249: 0 | LQ249: 0 | LR249: 0 | LS249: 0 | LT249: 0 | LU249: 0 | LV249: 0 | LW249: 0 | LX249: 0 | LY249: 0 | LZ249: 0 | MA249: 0 | MB249: 0 | MC249: 0 | MD249: 0 | ME249: 0 | MF249: 0 | MG249: -1 | MH249: 0 | MI249: 0 | MJ249: 0 | MK249: 0 | ML249: 0 | MM249: 0 | MN249: 0 | MO249: 0 | MP249: 0 | MQ249: 1 | MR249: 0 | MS249: 0 | MT249: 0 | MU249: 0 | MV249: 0 | MW249: 0 | MX249: 0 | MY249: 0 | MZ249: 0 | NA249: 0 | NB249: 0 | NC249: 0 | ND249: 0 | NE249: 'line']
A250: 248 | B250: 4 | C250: 100 | D250: 0.005 | E250: 1 | F250: 2 | G250: 3 | H250: 0.0333 | I250: 30 | J250: 50 | K250: 157.4305 | L250: 3594.64 | M250: 0.00085002362 | O250: 81575 | P250: 148749 | Q250: 0 | R250: 0 | S250: 0 | T250: 367281 | U250: 367281 | V250: 0 | W250: 0 | X250: 76421 | Y250: 76421 | Z250: 0 | AA250: 'Platoon_Tree' | AB250: 1 | AC250: 0 | AD250: 1313655005 | AE250: 157.4305 | AF250: 157.29668 | AG250: 157.29668 | AH250: 157.29668 | AI250: 157.4305 | AJ250: 0.00085002362 | AK250: 3600.616 | AL250: 2164.873 | AM250: 9 | AN250: 10 | AO250: 2788999 | AP250: 0 | AQ250: 30463 | AR250: 20406 | AS250: -1 | AT250: 1 | AU250: 0 | AV250: 0 | AW250: 0 | AX250: 0 | AY250: 795 | AZ250: 0.0185 | BA250: 1 | BB250: 1 | BC250: 1 | BD250: 1 | BE250: 1590 | BF250: 0.01 | BG250: 0 | BH250: 0 | BI250: 0 | BJ250: 0 | BK250: 0 | BL250: 0 | BM250: 0 | BN250: 0 | BO250: 0 | BP250: 0 | BQ250: 0 | BR250: 99999999 | BS250: 'L' | BT250: 'L' | BU250: 'L' | BV250: 'L' | BW250: 'L' | BX250: 'L' | BY250: 'L' | BZ250: 'L' | CA250: 0 | CB250: 0 | CC250: 'L' | CD250: 'L' | CE250: 'L' | CF250: 'L' | CG250: 'L' | CH250: 0 | CI250: 0 | CJ250: 0 | CK250: 0 | CL250: 'L' | CM250: 'L' | CN250: 'L' | CO250: 'L' | CP250: 0 | CQ250: 0 | CR250: 0 | CS250: 0 | CT250: 0 | CU250: 0 | CV250: 0 | CW250: 'L' | CX250: 'L' | CY250: 'L' | CZ250: 'L' | DA250: 0 | DB250: 'L' | DC250: 0 | DD250: 0 | DE250: 'L' | DF250: 0 | DG250: 'L' | DH250: 0 | DI250: 0 | DJ250: 0 | DK250: 'L' | DL250: 'L' | DM250: 'L' | DN250: 'L' | DO250: 'L' | DP250: 'L' | DQ250: 'L' | DR250: 'L' | DS250: 'L' | DT250: 'L' | DU250: 'L' | DV250: 'L' | DW250: 'L' | DX250: 'L' | DY250: 'L' | DZ250: 'L' | EA250: 'L' | EB250: 'L' | EC250: 5.4265501e-07 | ED250: 0 | EE250: 0 | EF250: -1 | EG250: 0 | EH250: 0 | EI250: 0 | EJ250: 5.4265501e-07 | EK250: 0 | EL250: 147765 | EM250: 0 | EN250: 5.4278583e-07 | EO250: 0 | EP250: 0 | EQ250: 0 | ER250: 0 | ES250: 0 | ET250: 0 | EU250: 0 | EV250: 0 | EW250: 0 | EX250: 0 | EY250: 0 | EZ250: 0 | FA250: 0 | FB250: 0 | FC250: 0 | FD250: 0 | FE250: 0 | FF250: 0 | FG250: 0 | FH250: 0 | FI250: 0 | FJ250: 0 | FK250: 0 | FL250: -1 | FM250: 0 | FN250: 0 | FO250: 0 | FP250: 0 | FQ250: 0 | FR250: 0 | FS250: 0 | FT250: 0 | FU250: 0 | FV250: 1 | FW250: 0 | FX250: 0 | FY250: 0 | FZ250: 0 | GA250: 0 | GB250: 0 | GC250: 0 | GD250: 0 | GE250: 0 | GF250: 0 | GG250: 0 | GH250: 0 | GI250: 0 | GJ250: 81575 | GK250: 148749 | GL250: 0 | GM250: 0 | GN250: 0 | GO250: 367281 | GP250: 367281 | GQ250: 0 | GR250: 0 | GS250: 76421 | GT250: 76421 | GU250: 0 | GV250: 'Platoon_Tree' | GW250: 1 | GX250: 0 | GY250: 1313655005 | GZ250: 157.4305 | HA250: 157.29668 | HB250: 157.29668 | HC250: 157.29668 | HD250: 157.4305 | HE250: 0.00085002362 | HF250: 3600.616 | HG250: 2164.873 | HH250: 9 | HI250: 10 | HJ250: 2788999 | HK250: 0 | HL250: 30463 | HM250: 20406 | HN250: -1 | HO250: 1 | HP250: 0 | HQ250: 0 | HR250: 0 | HS250: 0 | HT250: 795 | HU250: 0.0185 | HV250: 1 | HW250: 1 | HX250: 1 | HY250: 1 | HZ250: 1590 | IA250: 0.01 | IB250: 0 | IC250: 0 | ID250: 0 | IE250: 0 | IF250: 0 | IG250: 0 | IH250: 0 | II250: 0 | IJ250: 0 | IK250: 0 | IL250: 0 | IM250: 99999999 | IN250: 'L' | IO250: 'L' | IP250: 'L' | IQ250: 'L' | IR250: 'L' | IS250: 'L' | IT250: 'L' | IU250: 'L' | IV250: 0 | IW250: 0 | IX250: 'L' | IY250: 'L' | IZ250: 'L' | JA250: 'L' | JB250: 'L' | JC250: 0 | JD250: 0 | JE250: 0 | JF250: 0 | JG250: 'L' | JH250: 'L' | JI250: 'L' | JJ250: 'L' | JK250: 0 | JL250: 0 | JM250: 0 | JN250: 0 | JO250: 0 | JP250: 0 | JQ250: 0 | JR250: 'L' | JS250: 'L' | JT250: 'L' | JU250: 'L' | JV250: 0 | JW250: 'L' | JX250: 0 | JY250: 0 | JZ250: 'L' | KA250: 0 | KB250: 'L' | KC250: 0 | KD250: 0 | KE250: 0 | KF250: 'L' | KG250: 'L' | KH250: 'L' | KI250: 'L' | KJ250: 'L' | KK250: 'L' | KL250: 'L' | KM250: 'L' | KN250: 'L' | KO250: 'L' | KP250: 'L' | KQ250: 'L' | KR250: 'L' | KS250: 'L' | KT250: 'L' | KU250: 'L' | KV250: 'L' | KW250: 'L' | KX250: 5.4265501e-07 | KY250: 0 | KZ250: 0 | LA250: -1 | LB250: 0 | LC250: 0 | LD250: 0 | LE250: 5.4265501e-07 | LF250: 0 | LG250: 147765 | LH250: 0 | LI250: 5.4278583e-07 | LJ250: 0 | LK250: 0 | LL250: 0 | LM250: 0 | LN250: 0 | LO250: 0 | LP250: 0 | LQ250: 0 | LR250: 0 | LS250: 0 | LT250: 0 | LU250: 0 | LV250: 0 | LW250: 0 | LX250: 0 | LY250: 0 | LZ250: 0 | MA250: 0 | MB250: 0 | MC250: 0 | MD250: 0 | ME250: 0 | MF250: 0 | MG250: -1 | MH250: 0 | MI250: 0 | MJ250: 0 | MK250: 0 | ML250: 0 | MM250: 0 | MN250: 0 | MO250: 0 | MP250: 0 | MQ250: 1 | MR250: 0 | MS250: 0 | MT250: 0 | MU250: 0 | MV250: 0 | MW250: 0 | MX250: 0 | MY250: 0 | MZ250: 0 | NA250: 0 | NB250: 0 | NC250: 0 | ND250: 0 | NE250: 'line']
A251: 249 | B251: 4 | C251: 100 | D251: 0.005 | E251: 1 | F251: 3 | G251: 3 | H251: 0.0333 | I251: 30 | J251: 50 | K251: 154.79 | L251: 3600.6402 | M251: 0.0017776771 | O251: 81575 | P251: 148749 | Q251: 0 | R251: 0 | S251: 0 | T251: 367281 | U251: 367281 | V251: 0 | W251: 0 | X251: 76421 | Y251: 76421 | Z251: 0 | AA251: 'Platoon_Tree' | AB251: 1 | AC251: 0 | AD251: -955367460 | AE251: 154.79 | AF251: 154.51483 | AG251: 154.51483 | AH251: 154.51483 | AI251: 154.79 | AJ251: 0.0017776771 | AK251: 3600.578 | AL251: 2617.5742 | AM251: 9 | AN251: 10 | AO251: 4907325 | AP251: 0 | AQ251: 34804 | AR251: 24614 | AS251: -1 | AT251: 1 | AU251: 0 | AV251: 0 | AW251: 0 | AX251: 0 | AY251: 795 | AZ251: 0.0185 | BA251: 1 | BB251: 1 | BC251: 1 | BD251: 1 | BE251: 1590 | BF251: 0.01 | BG251: 0 | BH251: 0 | BI251: 0 | BJ251: 0 | BK251: 0 | BL251: 0 | BM251: 0 | BN251: 0 | BO251: 0 | BP251: 0 | BQ251: 0 | BR251: 99999999 | BS251: 'L' | BT251: 'L' | BU251: 'L' | BV251: 'L' | BW251: 'L' | BX251: 'L' | BY251: 'L' | BZ251: 'L' | CA251: 0 | CB251: 0 | CC251: 'L' | CD251: 'L' | CE251: 'L' | CF251: 'L' | CG251: 'L' | CH251: 0 | CI251: 0 | CJ251: 0 | CK251: 0 | CL251: 'L' | CM251: 'L' | CN251: 'L' | CO251: 'L' | CP251: 0 | CQ251: 0 | CR251: 0 | CS251: 0 | CT251: 0 | CU251: 0 | CV251: 0 | CW251: 'L' | CX251: 'L' | CY251: 'L' | CZ251: 'L' | DA251: 0 | DB251: 'L' | DC251: 0 | DD251: 0 | DE251: 'L' | DF251: 0 | DG251: 'L' | DH251: 0 | DI251: 0 | DJ251: 0 | DK251: 'L' | DL251: 'L' | DM251: 'L' | DN251: 'L' | DO251: 'L' | DP251: 'L' | DQ251: 'L' | DR251: 'L' | DS251: 'L' | DT251: 'L' | DU251: 'L' | DV251: 'L' | DW251: 'L' | DX251: 'L' | DY251: 'L' | DZ251: 'L' | EA251: 'L' | EB251: 'L' | EC251: 2.365738e-08 | ED251: 0 | EE251: 0 | EF251: -1 | EG251: 0 | EH251: 0 | EI251: 0 | EJ251: 2.365738e-08 | EK251: 0 | EL251: 148303 | EM251: 0 | EN251: 2.3761493e-08 | EO251: 0 | EP251: 0 | EQ251: 0 | ER251: 0 | ES251: 0 | ET251: 0 | EU251: 0 | EV251: 0 | EW251: 0 | EX251: 0 | EY251: 0 | EZ251: 0 | FA251: 0 | FB251: 0 | FC251: 0 | FD251: 0 | FE251: 0 | FF251: 0 | FG251: 0 | FH251: 0 | FI251: 0 | FJ251: 0 | FK251: 0 | FL251: -1 | FM251: 0 | FN251: 0 | FO251: 0 | FP251: 0 | FQ251: 0 | FR251: 0 | FS251: 0 | FT251: 0 | FU251: 0 | FV251: 1 | FW251: 0 | FX251: 0 | FY251: 0 | FZ251: 0 | GA251: 0 | GB251: 0 | GC251: 0 | GD251: 0 | GE251: 0 | GF251: 0 | GG251: 0 | GH251: 0 | GI251: 0 | GJ251: 81575 | GK251: 148749 | GL251: 0 | GM251: 0 | GN251: 0 | GO251: 367281 | GP251: 367281 | GQ251: 0 | GR251: 0 | GS251: 76421 | GT251: 76421 | GU251: 0 | GV251: 'Platoon_Tree' | GW251: 1 | GX251: 0 | GY251: -955367460 | GZ251: 154.79 | HA251: 154.51483 | HB251: 154.51483 | HC251: 154.51483 | HD251: 154.79 | HE251: 0.0017776771 | HF251: 3600.578 | HG251: 2617.5742 | HH251: 9 | HI251: 10 | HJ251: 4907325 | HK251: 0 | HL251: 34804 | HM251: 24614 | HN251: -1 | HO251: 1 | HP251: 0 | HQ251: 0 | HR251: 0 | HS251: 0 | HT251: 795 | HU251: 0.0185 | HV251: 1 | HW251: 1 | HX251: 1 | HY251: 1 | HZ251: 1590 | IA251: 0.01 | IB251: 0 | IC251: 0 | ID251: 0 | IE251: 0 | IF251: 0 | IG251: 0 | IH251: 0 | II251: 0 | IJ251: 0 | IK251: 0 | IL251: 0 | IM251: 99999999 | IN251: 'L' | IO251: 'L' | IP251: 'L' | IQ251: 'L' | IR251: 'L' | IS251: 'L' | IT251: 'L' | IU251: 'L' | IV251: 0 | IW251: 0 | IX251: 'L' | IY251: 'L' | IZ251: 'L' | JA251: 'L' | JB251: 'L' | JC251: 0 | JD251: 0 | JE251: 0 | JF251: 0 | JG251: 'L' | JH251: 'L' | JI251: 'L' | JJ251: 'L' | JK251: 0 | JL251: 0 | JM251: 0 | JN251: 0 | JO251: 0 | JP251: 0 | JQ251: 0 | JR251: 'L' | JS251: 'L' | JT251: 'L' | JU251: 'L' | JV251: 0 | JW251: 'L' | JX251: 0 | JY251: 0 | JZ251: 'L' | KA251: 0 | KB251: 'L' | KC251: 0 | KD251: 0 | KE251: 0 | KF251: 'L' | KG251: 'L' | KH251: 'L' | KI251: 'L' | KJ251: 'L' | KK251: 'L' | KL251: 'L' | KM251: 'L' | KN251: 'L' | KO251: 'L' | KP251: 'L' | KQ251: 'L' | KR251: 'L' | KS251: 'L' | KT251: 'L' | KU251: 'L' | KV251: 'L' | KW251: 'L' | KX251: 2.365738e-08 | KY251: 0 | KZ251: 0 | LA251: -1 | LB251: 0 | LC251: 0 | LD251: 0 | LE251: 2.365738e-08 | LF251: 0 | LG251: 148303 | LH251: 0 | LI251: 2.3761493e-08 | LJ251: 0 | LK251: 0 | LL251: 0 | LM251: 0 | LN251: 0 | LO251: 0 | LP251: 0 | LQ251: 0 | LR251: 0 | LS251: 0 | LT251: 0 | LU251: 0 | LV251: 0 | LW251: 0 | LX251: 0 | LY251: 0 | LZ251: 0 | MA251: 0 | MB251: 0 | MC251: 0 | MD251: 0 | ME251: 0 | MF251: 0 | MG251: -1 | MH251: 0 | MI251: 0 | MJ251: 0 | MK251: 0 | ML251: 0 | MM251: 0 | MN251: 0 | MO251: 0 | MP251: 0 | MQ251: 1 | MR251: 0 | MS251: 0 | MT251: 0 | MU251: 0 | MV251: 0 | MW251: 0 | MX251: 0 | MY251: 0 | MZ251: 0 | NA251: 0 | NB251: 0 | NC251: 0 | ND251: 0 | NE251: 'line']
A252: 250 | B252: 4 | C252: 100 | D252: 0.005 | E252: 1 | F252: 4 | G252: 3 | H252: 0.0333 | I252: 30 | J252: 50 | K252: 153.933 | L252: 3600.6946 | M252: 0.0048263497 | O252: 81575 | P252: 148749 | Q252: 0 | R252: 0 | S252: 0 | T252: 367281 | U252: 367281 | V252: 0 | W252: 0 | X252: 76421 | Y252: 76421 | Z252: 0 | AA252: 'Platoon_Tree' | AB252: 1 | AC252: 0 | AD252: 1364001717 | AE252: 153.933 | AF252: 153.19007 | AG252: 153.19007 | AH252: 153.19007 | AI252: 153.933 | AJ252: 0.0048263497 | AK252: 3600.656 | AL252: 3395.1973 | AM252: 9 | AN252: 10 | AO252: 5299597 | AP252: 0 | AQ252: 7572 | AR252: 7299 | AS252: -1 | AT252: 1 | AU252: 0 | AV252: 0 | AW252: 0 | AX252: 0 | AY252: 795 | AZ252: 0.0185 | BA252: 1 | BB252: 1 | BC252: 1 | BD252: 1 | BE252: 1590 | BF252: 0.01 | BG252: 0 | BH252: 0 | BI252: 0 | BJ252: 0 | BK252: 0 | BL252: 0 | BM252: 0 | BN252: 0 | BO252: 0 | BP252: 0 | BQ252: 0 | BR252: 99999999 | BS252: 'L' | BT252: 'L' | BU252: 'L' | BV252: 'L' | BW252: 'L' | BX252: 'L' | BY252: 'L' | BZ252: 'L' | CA252: 0 | CB252: 0 | CC252: 'L' | CD252: 'L' | CE252: 'L' | CF252: 'L' | CG252: 'L' | CH252: 0 | CI252: 0 | CJ252: 0 | CK252: 0 | CL252: 'L' | CM252: 'L' | CN252: 'L' | CO252: 'L' | CP252: 0 | CQ252: 0 | CR252: 0 | CS252: 0 | CT252: 0 | CU252: 0 | CV252: 0 | CW252: 'L' | CX252: 'L' | CY252: 'L' | CZ252: 'L' | DA252: 0 | DB252: 'L' | DC252: 0 | DD252: 0 | DE252: 'L' | DF252: 0 | DG252: 'L' | DH252: 0 | DI252: 0 | DJ252: 0 | DK252: 'L' | DL252: 'L' | DM252: 'L' | DN252: 'L' | DO252: 'L' | DP252: 'L' | DQ252: 'L' | DR252: 'L' | DS252: 'L' | DT252: 'L' | DU252: 'L' | DV252: 'L' | DW252: 'L' | DX252: 'L' | DY252: 'L' | DZ252: 'L' | EA252: 'L' | EB252: 'L' | EC252: 1.0402346e-11 | ED252: 0 | EE252: 0 | EF252: -1 | EG252: 0 | EH252: 0 | EI252: 0 | EJ252: 1.0402346e-11 | EK252: 0 | EL252: 102065 | EM252: 0 | EN252: 3.1759209e-10 | EO252: 0 | EP252: 0 | EQ252: 0 | ER252: 0 | ES252: 0 | ET252: 0 | EU252: 0 | EV252: 0 | EW252: 0 | EX252: 0 | EY252: 0 | EZ252: 0 | FA252: 0 | FB252: 0 | FC252: 0 | FD252: 0 | FE252: 0 | FF252: 0 | FG252: 0 | FH252: 0 | FI252: 0 | FJ252: 0 | FK252: 0 | FL252: -1 | FM252: 0 | FN252: 0 | FO252: 0 | FP252: 0 | FQ252: 0 | FR252: 0 | FS252: 0 | FT252: 0 | FU252: 0 | FV252: 1 | FW252: 0 | FX252: 0 | FY252: 0 | FZ252: 0 | GA252: 0 | GB252: 0 | GC252: 0 | GD252: 0 | GE252: 0 | GF252: 0 | GG252: 0 | GH252: 0 | GI252: 0 | GJ252: 81575 | GK252: 148749 | GL252: 0 | GM252: 0 | GN252: 0 | GO252: 367281 | GP252: 367281 | GQ252: 0 | GR252: 0 | GS252: 76421 | GT252: 76421 | GU252: 0 | GV252: 'Platoon_Tree' | GW252: 1 | GX252: 0 | GY252: 1364001717 | GZ252: 153.933 | HA252: 153.19007 | HB252: 153.19007 | HC252: 153.19007 | HD252: 153.933 | HE252: 0.0048263497 | HF252: 3600.656 | HG252: 3395.1973 | HH252: 9 | HI252: 10 | HJ252: 5299597 | HK252: 0 | HL252: 7572 | HM252: 7299 | HN252: -1 | HO252: 1 | HP252: 0 | HQ252: 0 | HR252: 0 | HS252: 0 | HT252: 795 | HU252: 0.0185 | HV252: 1 | HW252: 1 | HX252: 1 | HY252: 1 | HZ252: 1590 | IA252: 0.01 | IB252: 0 | IC252: 0 | ID252: 0 | IE252: 0 | IF252: 0 | IG252: 0 | IH252: 0 | II252: 0 | IJ252: 0 | IK252: 0 | IL252: 0 | IM252: 99999999 | IN252: 'L' | IO252: 'L' | IP252: 'L' | IQ252: 'L' | IR252: 'L' | IS252: 'L' | IT252: 'L' | IU252: 'L' | IV252: 0 | IW252: 0 | IX252: 'L' | IY252: 'L' | IZ252: 'L' | JA252: 'L' | JB252: 'L' | JC252: 0 | JD252: 0 | JE252: 0 | JF252: 0 | JG252: 'L' | JH252: 'L' | JI252: 'L' | JJ252: 'L' | JK252: 0 | JL252: 0 | JM252: 0 | JN252: 0 | JO252: 0 | JP252: 0 | JQ252: 0 | JR252: 'L' | JS252: 'L' | JT252: 'L' | JU252: 'L' | JV252: 0 | JW252: 'L' | JX252: 0 | JY252: 0 | JZ252: 'L' | KA252: 0 | KB252: 'L' | KC252: 0 | KD252: 0 | KE252: 0 | KF252: 'L' | KG252: 'L' | KH252: 'L' | KI252: 'L' | KJ252: 'L' | KK252: 'L' | KL252: 'L' | KM252: 'L' | KN252: 'L' | KO252: 'L' | KP252: 'L' | KQ252: 'L' | KR252: 'L' | KS252: 'L' | KT252: 'L' | KU252: 'L' | KV252: 'L' | KW252: 'L' | KX252: 1.0402346e-11 | KY252: 0 | KZ252: 0 | LA252: -1 | LB252: 0 | LC252: 0 | LD252: 0 | LE252: 1.0402346e-11 | LF252: 0 | LG252: 102065 | LH252: 0 | LI252: 3.1759209e-10 | LJ252: 0 | LK252: 0 | LL252: 0 | LM252: 0 | LN252: 0 | LO252: 0 | LP252: 0 | LQ252: 0 | LR252: 0 | LS252: 0 | LT252: 0 | LU252: 0 | LV252: 0 | LW252: 0 | LX252: 0 | LY252: 0 | LZ252: 0 | MA252: 0 | MB252: 0 | MC252: 0 | MD252: 0 | ME252: 0 | MF252: 0 | MG252: -1 | MH252: 0 | MI252: 0 | MJ252: 0 | MK252: 0 | ML252: 0 | MM252: 0 | MN252: 0 | MO252: 0 | MP252: 0 | MQ252: 1 | MR252: 0 | MS252: 0 | MT252: 0 | MU252: 0 | MV252: 0 | MW252: 0 | MX252: 0 | MY252: 0 | MZ252: 0 | NA252: 0 | NB252: 0 | NC252: 0 | ND252: 0 | NE252: 'line']
A253: 251 | B253: 4 | C253: 100 | D253: 0.005 | E253: 1 | F253: 5 | G253: 3 | H253: 0.0333 | I253: 30 | J253: 50 | K253: 153.3225 | L253: 3603.2946 | M253: 0.0055897425 | O253: 81575 | P253: 148749 | Q253: 0 | R253: 0 | S253: 0 | T253: 367281 | U253: 367281 | V253: 0 | W253: 0 | X253: 76421 | Y253: 76421 | Z253: 0 | AA253: 'Platoon_Tree' | AB253: 1 | AC253: 0 | AD253: 1165683405 | AE253: 153.3225 | AF253: 152.46547 | AG253: 152.46547 | AH253: 152.46547 | AI253: 153.3225 | AJ253: 0.0055897425 | AK253: 3603.25 | AL253: 5584.5469 | AM253: 9 | AN253: 10 | AO253: 3354269 | AP253: 0 | AQ253: 7519 | AR253: 7170 | AS253: -1 | AT253: 1 | AU253: 0 | AV253: 0 | AW253: 0 | AX253: 0 | AY253: 795 | AZ253: 0.0185 | BA253: 1 | BB253: 1 | BC253: 1 | BD253: 1 | BE253: 1590 | BF253: 0.01 | BG253: 0 | BH253: 0 | BI253: 0 | BJ253: 0 | BK253: 0 | BL253: 0 | BM253: 0 | BN253: 0 | BO253: 0 | BP253: 0 | BQ253: 0 | BR253: 99999999 | BS253: 'L' | BT253: 'L' | BU253: 'L' | BV253: 'L' | BW253: 'L' | BX253: 'L' | BY253: 'L' | BZ253: 'L' | CA253: 0 | CB253: 0 | CC253: 'L' | CD253: 'L' | CE253: 'L' | CF253: 'L' | CG253: 'L' | CH253: 0 | CI253: 0 | CJ253: 0 | CK253: 0 | CL253: 'L' | CM253: 'L' | CN253: 'L' | CO253: 'L' | CP253: 0 | CQ253: 0 | CR253: 0 | CS253: 0 | CT253: 0 | CU253: 0 | CV253: 0 | CW253: 'L' | CX253: 'L' | CY253: 'L' | CZ253: 'L' | DA253: 0 | DB253: 'L' | DC253: 0 | DD253: 0 | DE253: 'L' | DF253: 0 | DG253: 'L' | DH253: 0 | DI253: 0 | DJ253: 0 | DK253: 'L' | DL253: 'L' | DM253: 'L' | DN253: 'L' | DO253: 'L' | DP253: 'L' | DQ253: 'L' | DR253: 'L' | DS253: 'L' | DT253: 'L' | DU253: 'L' | DV253: 'L' | DW253: 'L' | DX253: 'L' | DY253: 'L' | DZ253: 'L' | EA253: 'L' | EB253: 'L' | EC253: 7.9325006e-07 | ED253: 0 | EE253: 0 | EF253: -1 | EG253: 0 | EH253: 0 | EI253: 0 | EJ253: 3.7e-08 | EK253: 0 | EL253: 146941 | EM253: 0 | EN253: 4.2990979e-08 | EO253: 0 | EP253: 0 | EQ253: 0 | ER253: 0 | ES253: 0 | ET253: 0 | EU253: 0 | EV253: 0 | EW253: 0 | EX253: 0 | EY253: 0 | EZ253: 0 | FA253: 0 | FB253: 0 | FC253: 0 | FD253: 0 | FE253: 0 | FF253: 0 | FG253: 0 | FH253: 0 | FI253: 0 | FJ253: 0 | FK253: 7.9325006e-07 | FL253: 16275 | FM253: 5.5303565e-06 | FN253: 0 | FO253: 0 | FP253: 0 | FQ253: 0 | FR253: 0 | FS253: 0 | FT253: 0 | FU253: 0 | FV253: 1 | FW253: 0 | FX253: 0 | FY253: 0 | FZ253: 0 | GA253: 0 | GB253: 0 | GC253: 0 | GD253: 0 | GE253: 0 | GF253: 0 | GG253: 0 | GH253: 0 | GI253: 0 | GJ253: 81575 | GK253: 148749 | GL253: 0 | GM253: 0 | GN253: 0 | GO253: 367281 | GP253: 367281 | GQ253: 0 | GR253: 0 | GS253: 76421 | GT253: 76421 | GU253: 0 | GV253: 'Platoon_Tree' | GW253: 1 | GX253: 0 | GY253: 1165683405 | GZ253: 153.3225 | HA253: 152.46547 | HB253: 152.46547 | HC253: 152.46547 | HD253: 153.3225 | HE253: 0.0055897425 | HF253: 3603.25 | HG253: 5584.5469 | HH253: 9 | HI253: 10 | HJ253: 3354269 | HK253: 0 | HL253: 7519 | HM253: 7170 | HN253: -1 | HO253: 1 | HP253: 0 | HQ253: 0 | HR253: 0 | HS253: 0 | HT253: 795 | HU253: 0.0185 | HV253: 1 | HW253: 1 | HX253: 1 | HY253: 1 | HZ253: 1590 | IA253: 0.01 | IB253: 0 | IC253: 0 | ID253: 0 | IE253: 0 | IF253: 0 | IG253: 0 | IH253: 0 | II253: 0 | IJ253: 0 | IK253: 0 | IL253: 0 | IM253: 99999999 | IN253: 'L' | IO253: 'L' | IP253: 'L' | IQ253: 'L' | IR253: 'L' | IS253: 'L' | IT253: 'L' | IU253: 'L' | IV253: 0 | IW253: 0 | IX253: 'L' | IY253: 'L' | IZ253: 'L' | JA253: 'L' | JB253: 'L' | JC253: 0 | JD253: 0 | JE253: 0 | JF253: 0 | JG253: 'L' | JH253: 'L' | JI253: 'L' | JJ253: 'L' | JK253: 0 | JL253: 0 | JM253: 0 | JN253: 0 | JO253: 0 | JP253: 0 | JQ253: 0 | JR253: 'L' | JS253: 'L' | JT253: 'L' | JU253: 'L' | JV253: 0 | JW253: 'L' | JX253: 0 | JY253: 0 | JZ253: 'L' | KA253: 0 | KB253: 'L' | KC253: 0 | KD253: 0 | KE253: 0 | KF253: 'L' | KG253: 'L' | KH253: 'L' | KI253: 'L' | KJ253: 'L' | KK253: 'L' | KL253: 'L' | KM253: 'L' | KN253: 'L' | KO253: 'L' | KP253: 'L' | KQ253: 'L' | KR253: 'L' | KS253: 'L' | KT253: 'L' | KU253: 'L' | KV253: 'L' | KW253: 'L' | KX253: 7.9325006e-07 | KY253: 0 | KZ253: 0 | LA253: -1 | LB253: 0 | LC253: 0 | LD253: 0 | LE253: 3.7e-08 | LF253: 0 | LG253: 146941 | LH253: 0 | LI253: 4.2990979e-08 | LJ253: 0 | LK253: 0 | LL253: 0 | LM253: 0 | LN253: 0 | LO253: 0 | LP253: 0 | LQ253: 0 | LR253: 0 | LS253: 0 | LT253: 0 | LU253: 0 | LV253: 0 | LW253: 0 | LX253: 0 | LY253: 0 | LZ253: 0 | MA253: 0 | MB253: 0 | MC253: 0 | MD253: 0 | ME253: 0 | MF253: 7.9325006e-07 | MG253: 16275 | MH253: 5.5303565e-06 | MI253: 0 | MJ253: 0 | MK253: 0 | ML253: 0 | MM253: 0 | MN253: 0 | MO253: 0 | MP253: 0 | MQ253: 1 | MR253: 0 | MS253: 0 | MT253: 0 | MU253: 0 | MV253: 0 | MW253: 0 | MX253: 0 | MY253: 0 | MZ253: 0 | NA253: 0 | NB253: 0 | NC253: 0 | ND253: 0 | NE253: 'line']
A254: 252 | B254: 4 | C254: 100 | D254: 0.005 | E254: 1 | F254: 6 | G254: 3 | H254: 0.0333 | I254: 30 | J254: 50 | K254: 152.7625 | L254: 3600.4435 | M254: 0.0048632045 | O254: 81575 | P254: 148749 | Q254: 0 | R254: 0 | S254: 0 | T254: 367281 | U254: 367281 | V254: 0 | W254: 0 | X254: 76421 | Y254: 76421 | Z254: 0 | AA254: 'Platoon_Tree' | AB254: 1 | AC254: 0 | AD254: 500325068 | AE254: 152.7625 | AF254: 152.01958 | AG254: 152.01958 | AH254: 152.01958 | AI254: 152.7625 | AJ254: 0.0048632045 | AK254: 3600.402 | AL254: 4741.3502 | AM254: 9 | AN254: 10 | AO254: 2012274 | AP254: 0 | AQ254: 2046 | AR254: 2014 | AS254: -1 | AT254: 1 | AU254: 0 | AV254: 0 | AW254: 0 | AX254: 0 | AY254: 795 | AZ254: 0.0185 | BA254: 1 | BB254: 1 | BC254: 1 | BD254: 1 | BE254: 1590 | BF254: 0.01 | BG254: 0 | BH254: 0 | BI254: 0 | BJ254: 0 | BK254: 0 | BL254: 0 | BM254: 0 | BN254: 0 | BO254: 0 | BP254: 0 | BQ254: 0 | BR254: 99999999 | BS254: 'L' | BT254: 'L' | BU254: 'L' | BV254: 'L' | BW254: 'L' | BX254: 'L' | BY254: 'L' | BZ254: 'L' | CA254: 0 | CB254: 0 | CC254: 'L' | CD254: 'L' | CE254: 'L' | CF254: 'L' | CG254: 'L' | CH254: 0 | CI254: 0 | CJ254: 0 | CK254: 0 | CL254: 'L' | CM254: 'L' | CN254: 'L' | CO254: 'L' | CP254: 0 | CQ254: 0 | CR254: 0 | CS254: 0 | CT254: 0 | CU254: 0 | CV254: 0 | CW254: 'L' | CX254: 'L' | CY254: 'L' | CZ254: 'L' | DA254: 0 | DB254: 'L' | DC254: 0 | DD254: 0 | DE254: 'L' | DF254: 0 | DG254: 'L' | DH254: 0 | DI254: 0 | DJ254: 0 | DK254: 'L' | DL254: 'L' | DM254: 'L' | DN254: 'L' | DO254: 'L' | DP254: 'L' | DQ254: 'L' | DR254: 'L' | DS254: 'L' | DT254: 'L' | DU254: 'L' | DV254: 'L' | DW254: 'L' | DX254: 'L' | DY254: 'L' | DZ254: 'L' | EA254: 'L' | EB254: 'L' | EC254: 1.35e-08 | ED254: 0 | EE254: 0 | EF254: -1 | EG254: 0 | EH254: 0 | EI254: 0 | EJ254: 1.35e-08 | EK254: 0 | EL254: 147088 | EM254: 0 | EN254: 1.3763389e-08 | EO254: 0 | EP254: 0 | EQ254: 0 | ER254: 0 | ES254: 0 | ET254: 0 | EU254: 0 | EV254: 0 | EW254: 0 | EX254: 0 | EY254: 0 | EZ254: 0 | FA254: 0 | FB254: 0 | FC254: 0 | FD254: 0 | FE254: 0 | FF254: 0 | FG254: 0 | FH254: 0 | FI254: 0 | FJ254: 0 | FK254: 0 | FL254: -1 | FM254: 0 | FN254: 0 | FO254: 0 | FP254: 0 | FQ254: 0 | FR254: 0 | FS254: 0 | FT254: 0 | FU254: 0 | FV254: 1 | FW254: 0 | FX254: 0 | FY254: 0 | FZ254: 0 | GA254: 0 | GB254: 0 | GC254: 0 | GD254: 0 | GE254: 0 | GF254: 0 | GG254: 0 | GH254: 0 | GI254: 0 | GJ254: 81575 | GK254: 148749 | GL254: 0 | GM254: 0 | GN254: 0 | GO254: 367281 | GP254: 367281 | GQ254: 0 | GR254: 0 | GS254: 76421 | GT254: 76421 | GU254: 0 | GV254: 'Platoon_Tree' | GW254: 1 | GX254: 0 | GY254: 500325068 | GZ254: 152.7625 | HA254: 152.01958 | HB254: 152.01958 | HC254: 152.01958 | HD254: 152.7625 | HE254: 0.0048632045 | HF254: 3600.402 | HG254: 4741.3502 | HH254: 9 | HI254: 10 | HJ254: 2012274 | HK254: 0 | HL254: 2046 | HM254: 2014 | HN254: -1 | HO254: 1 | HP254: 0 | HQ254: 0 | HR254: 0 | HS254: 0 | HT254: 795 | HU254: 0.0185 | HV254: 1 | HW254: 1 | HX254: 1 | HY254: 1 | HZ254: 1590 | IA254: 0.01 | IB254: 0 | IC254: 0 | ID254: 0 | IE254: 0 | IF254: 0 | IG254: 0 | IH254: 0 | II254: 0 | IJ254: 0 | IK254: 0 | IL254: 0 | IM254: 99999999 | IN254: 'L' | IO254: 'L' | IP254: 'L' | IQ254: 'L' | IR254: 'L' | IS254: 'L' | IT254: 'L' | IU254: 'L' | IV254: 0 | IW254: 0 | IX254: 'L' | IY254: 'L' | IZ254: 'L' | JA254: 'L' | JB254: 'L' | JC254: 0 | JD254: 0 | JE254: 0 | JF254: 0 | JG254: 'L' | JH254: 'L' | JI254: 'L' | JJ254: 'L' | JK254: 0 | JL254: 0 | JM254: 0 | JN254: 0 | JO254: 0 | JP254: 0 | JQ254: 0 | JR254: 'L' | JS254: 'L' | JT254: 'L' | JU254: 'L' | JV254: 0 | JW254: 'L' | JX254: 0 | JY254: 0 | JZ254: 'L' | KA254: 0 | KB254: 'L' | KC254: 0 | KD254: 0 | KE254: 0 | KF254: 'L' | KG254: 'L' | KH254: 'L' | KI254: 'L' | KJ254: 'L' | KK254: 'L' | KL254: 'L' | KM254: 'L' | KN254: 'L' | KO254: 'L' | KP254: 'L' | KQ254: 'L' | KR254: 'L' | KS254: 'L' | KT254: 'L' | KU254: 'L' | KV254: 'L' | KW254: 'L' | KX254: 1.35e-08 | KY254: 0 | KZ254: 0 | LA254: -1 | LB254: 0 | LC254: 0 | LD254: 0 | LE254: 1.35e-08 | LF254: 0 | LG254: 147088 | LH254: 0 | LI254: 1.3763389e-08 | LJ254: 0 | LK254: 0 | LL254: 0 | LM254: 0 | LN254: 0 | LO254: 0 | LP254: 0 | LQ254: 0 | LR254: 0 | LS254: 0 | LT254: 0 | LU254: 0 | LV254: 0 | LW254: 0 | LX254: 0 | LY254: 0 | LZ254: 0 | MA254: 0 | MB254: 0 | MC254: 0 | MD254: 0 | ME254: 0 | MF254: 0 | MG254: -1 | MH254: 0 | MI254: 0 | MJ254: 0 | MK254: 0 | ML254: 0 | MM254: 0 | MN254: 0 | MO254: 0 | MP254: 0 | MQ254: 1 | MR254: 0 | MS254: 0 | MT254: 0 | MU254: 0 | MV254: 0 | MW254: 0 | MX254: 0 | MY254: 0 | MZ254: 0 | NA254: 0 | NB254: 0 | NC254: 0 | ND254: 0 | NE254: 'line']
A255: 253 | B255: 4 | C255: 100 | D255: 0.005 | E255: 1 | F255: 7 | G255: 3 | H255: 0.0333 | I255: 30 | J255: 50 | K255: 152.8195 | L255: 3601.2496 | M255: 0.0071926198 | O255: 81575 | P255: 148749 | Q255: 0 | R255: 0 | S255: 0 | T255: 367281 | U255: 367281 | V255: 0 | W255: 0 | X255: 76421 | Y255: 76421 | Z255: 0 | AA255: 'Platoon_Tree' | AB255: 1 | AC255: 0 | AD255: -1712039778 | AE255: 152.8195 | AF255: 151.72033 | AG255: 151.72033 | AH255: 151.72033 | AI255: 152.8195 | AJ255: 0.0071926198 | AK255: 3601.204 | AL255: 6063.2647 | AM255: 9 | AN255: 10 | AO255: 2981497 | AP255: 0 | AQ255: 3228 | AR255: 3127 | AS255: -1 | AT255: 1 | AU255: 0 | AV255: 0 | AW255: 0 | AX255: 0 | AY255: 795 | AZ255: 0.0185 | BA255: 1 | BB255: 1 | BC255: 1 | BD255: 1 | BE255: 1590 | BF255: 0.01 | BG255: 0 | BH255: 0 | BI255: 0 | BJ255: 0 | BK255: 0 | BL255: 0 | BM255: 0 | BN255: 0 | BO255: 0 | BP255: 0 | BQ255: 0 | BR255: 99999999 | BS255: 'L' | BT255: 'L' | BU255: 'L' | BV255: 'L' | BW255: 'L' | BX255: 'L' | BY255: 'L' | BZ255: 'L' | CA255: 0 | CB255: 0 | CC255: 'L' | CD255: 'L' | CE255: 'L' | CF255: 'L' | CG255: 'L' | CH255: 0 | CI255: 0 | CJ255: 0 | CK255: 0 | CL255: 'L' | CM255: 'L' | CN255: 'L' | CO255: 'L' | CP255: 0 | CQ255: 0 | CR255: 0 | CS255: 0 | CT255: 0 | CU255: 0 | CV255: 0 | CW255: 'L' | CX255: 'L' | CY255: 'L' | CZ255: 'L' | DA255: 0 | DB255: 'L' | DC255: 0 | DD255: 0 | DE255: 'L' | DF255: 0 | DG255: 'L' | DH255: 0 | DI255: 0 | DJ255: 0 | DK255: 'L' | DL255: 'L' | DM255: 'L' | DN255: 'L' | DO255: 'L' | DP255: 'L' | DQ255: 'L' | DR255: 'L' | DS255: 'L' | DT255: 'L' | DU255: 'L' | DV255: 'L' | DW255: 'L' | DX255: 'L' | DY255: 'L' | DZ255: 'L' | EA255: 'L' | EB255: 'L' | EC255: 1.7053026e-12 | ED255: 0 | EE255: 0 | EF255: -1 | EG255: 0 | EH255: 0 | EI255: 0 | EJ255: 1.7053026e-12 | EK255: 0 | EL255: 101469 | EM255: 0 | EN255: 9.440165e-11 | EO255: 0 | EP255: 0 | EQ255: 0 | ER255: 0 | ES255: 0 | ET255: 0 | EU255: 0 | EV255: 0 | EW255: 0 | EX255: 0 | EY255: 0 | EZ255: 0 | FA255: 0 | FB255: 0 | FC255: 0 | FD255: 0 | FE255: 0 | FF255: 0 | FG255: 0 | FH255: 0 | FI255: 0 | FJ255: 0 | FK255: 0 | FL255: -1 | FM255: 0 | FN255: 0 | FO255: 0 | FP255: 0 | FQ255: 0 | FR255: 0 | FS255: 0 | FT255: 0 | FU255: 0 | FV255: 1 | FW255: 0 | FX255: 0 | FY255: 0 | FZ255: 0 | GA255: 0 | GB255: 0 | GC255: 0 | GD255: 0 | GE255: 0 | GF255: 0 | GG255: 0 | GH255: 0 | GI255: 0 | GJ255: 81575 | GK255: 148749 | GL255: 0 | GM255: 0 | GN255: 0 | GO255: 367281 | GP255: 367281 | GQ255: 0 | GR255: 0 | GS255: 76421 | GT255: 76421 | GU255: 0 | GV255: 'Platoon_Tree' | GW255: 1 | GX255: 0 | GY255: -1712039778 | GZ255: 152.8195 | HA255: 151.72033 | HB255: 151.72033 | HC255: 151.72033 | HD255: 152.8195 | HE255: 0.0071926198 | HF255: 3601.204 | HG255: 6063.2647 | HH255: 9 | HI255: 10 | HJ255: 2981497 | HK255: 0 | HL255: 3228 | HM255: 3127 | HN255: -1 | HO255: 1 | HP255: 0 | HQ255: 0 | HR255: 0 | HS255: 0 | HT255: 795 | HU255: 0.0185 | HV255: 1 | HW255: 1 | HX255: 1 | HY255: 1 | HZ255: 1590 | IA255: 0.01 | IB255: 0 | IC255: 0 | ID255: 0 | IE255: 0 | IF255: 0 | IG255: 0 | IH255: 0 | II255: 0 | IJ255: 0 | IK255: 0 | IL255: 0 | IM255: 99999999 | IN255: 'L' | IO255: 'L' | IP255: 'L' | IQ255: 'L' | IR255: 'L' | IS255: 'L' | IT255: 'L' | IU255: 'L' | IV255: 0 | IW255: 0 | IX255: 'L' | IY255: 'L' | IZ255: 'L' | JA255: 'L' | JB255: 'L' | JC255: 0 | JD255: 0 | JE255: 0 | JF255: 0 | JG255: 'L' | JH255: 'L' | JI255: 'L' | JJ255: 'L' | JK255: 0 | JL255: 0 | JM255: 0 | JN255: 0 | JO255: 0 | JP255: 0 | JQ255: 0 | JR255: 'L' | JS255: 'L' | JT255: 'L' | JU255: 'L' | JV255: 0 | JW255: 'L' | JX255: 0 | JY255: 0 | JZ255: 'L' | KA255: 0 | KB255: 'L' | KC255: 0 | KD255: 0 | KE255: 0 | KF255: 'L' | KG255: 'L' | KH255: 'L' | KI255: 'L' | KJ255: 'L' | KK255: 'L' | KL255: 'L' | KM255: 'L' | KN255: 'L' | KO255: 'L' | KP255: 'L' | KQ255: 'L' | KR255: 'L' | KS255: 'L' | KT255: 'L' | KU255: 'L' | KV255: 'L' | KW255: 'L' | KX255: 1.7053026e-12 | KY255: 0 | KZ255: 0 | LA255: -1 | LB255: 0 | LC255: 0 | LD255: 0 | LE255: 1.7053026e-12 | LF255: 0 | LG255: 101469 | LH255: 0 | LI255: 9.440165e-11 | LJ255: 0 | LK255: 0 | LL255: 0 | LM255: 0 | LN255: 0 | LO255: 0 | LP255: 0 | LQ255: 0 | LR255: 0 | LS255: 0 | LT255: 0 | LU255: 0 | LV255: 0 | LW255: 0 | LX255: 0 | LY255: 0 | LZ255: 0 | MA255: 0 | MB255: 0 | MC255: 0 | MD255: 0 | ME255: 0 | MF255: 0 | MG255: -1 | MH255: 0 | MI255: 0 | MJ255: 0 | MK255: 0 | ML255: 0 | MM255: 0 | MN255: 0 | MO255: 0 | MP255: 0 | MQ255: 1 | MR255: 0 | MS255: 0 | MT255: 0 | MU255: 0 | MV255: 0 | MW255: 0 | MX255: 0 | MY255: 0 | MZ255: 0 | NA255: 0 | NB255: 0 | NC255: 0 | ND255: 0 | NE255: 'line']
... A261: 259 | B261: 4 | C261: 100 | D261: 0.005 | E261: 1 | F261: 10 | G261: 3 | H261: 0.0333 | I261: 30 | J261: 20 | K261: 161.57 | L261: 3600.2315 | M261: 0.063632198 | O261: 169870 | P261: 313355 | Q261: 0 | R261: 0 | S261: 0 | T261: 775177 | U261: 775177 | V261: 0 | W261: 0 | X261: 159166 | Y261: 159166 | Z261: 0 | AA261: 'Platoon_Tree' | AB261: 1 | AC261: 0 | AD261: -713955018 | AE261: 161.57 | AF261: 151.28895 | AG261: 151.28895 | AH261: 151.28895 | AI261: 161.57 | AJ261: 0.063632198 | AK261: 3600.142 | AL261: 10833.878 | AM261: 9 | AN261: 3 | AO261: 973707 | AP261: 0 | AQ261: 1 | AR261: 1 | AS261: -1 | AT261: 1 | AU261: 0 | AV261: 0 | AW261: 0 | AX261: 0 | AY261: 819 | AZ261: 0.005 | BA261: 1 | BB261: 1 | BC261: 1 | BD261: 1 | BE261: 1638 | BF261: 0.01 | BG261: 0 | BH261: 0 | BI261: 0 | BJ261: 0 | BK261: 0 | BL261: 0 | BM261: 0 | BN261: 0 | BO261: 0 | BP261: 0 | BQ261: 0 | BR261: 99999999 | BS261: 'L' | BT261: 'L' | BU261: 'L' | BV261: 'L' | BW261: 'L' | BX261: 'L' | BY261: 'L' | BZ261: 'L' | CA261: 0 | CB261: 0 | CC261: 'L' | CD261: 'L' | CE261: 'L' | CF261: 'L' | CG261: 'L' | CH261: 0 | CI261: 0 | CJ261: 0 | CK261: 0 | CL261: 'L' | CM261: 'L' | CN261: 'L' | CO261: 'L' | CP261: 0 | CQ261: 0 | CR261: 0 | CS261: 0 | CT261: 0 | CU261: 0 | CV261: 0 | CW261: 'L' | CX261: 'L' | CY261: 'L' | CZ261: 'L' | DA261: 0 | DB261: 'L' | DC261: 0 | DD261: 0 | DE261: 'L' | DF261: 0 | DG261: 'L' | DH261: 0 | DI261: 0 | DJ261: 0 | DK261: 'L' | DL261: 'L' | DM261: 'L' | DN261: 'L' | DO261: 'L' | DP261: 'L' | DQ261: 'L' | DR261: 'L' | DS261: 'L' | DT261: 'L' | DU261: 'L' | DV261: 'L' | DW261: 'L' | DX261: 'L' | DY261: 'L' | DZ261: 'L' | EA261: 'L' | EB261: 'L' | EC261: 1.8189894e-12 | ED261: 0 | EE261: 0 | EF261: -1 | EG261: 0 | EH261: 0 | EI261: 0 | EJ261: 1.8189894e-12 | EK261: 0 | EL261: 218953 | EM261: 0 | EN261: 1.9705555e-10 | EO261: 0 | EP261: 0 | EQ261: 0 | ER261: 0 | ES261: 0 | ET261: 0 | EU261: 0 | EV261: 0 | EW261: 0 | EX261: 0 | EY261: 0 | EZ261: 0 | FA261: 0 | FB261: 0 | FC261: 0 | FD261: 0 | FE261: 0 | FF261: 0 | FG261: 0 | FH261: 0 | FI261: 0 | FJ261: 0 | FK261: 0 | FL261: -1 | FM261: 0 | FN261: 0 | FO261: 0 | FP261: 0 | FQ261: 0 | FR261: 0 | FS261: 0 | FT261: 0 | FU261: 0 | FV261: 1 | FW261: 0 | FX261: 0 | FY261: 0 | FZ261: 0 | GA261: 0 | GB261: 0 | GC261: 0 | GD261: 0 | GE261: 0 | GF261: 0 | GG261: 0 | GH261: 0 | GI261: 0 | GJ261: 169870 | GK261: 313355 | GL261: 0 | GM261: 0 | GN261: 0 | GO261: 775177 | GP261: 775177 | GQ261: 0 | GR261: 0 | GS261: 159166 | GT261: 159166 | GU261: 0 | GV261: 'Platoon_Tree' | GW261: 1 | GX261: 0 | GY261: -713955018 | GZ261: 161.57 | HA261: 151.28895 | HB261: 151.28895 | HC261: 151.28895 | HD261: 161.57 | HE261: 0.063632198 | HF261: 3600.142 | HG261: 10833.878 | HH261: 9 | HI261: 3 | HJ261: 973707 | HK261: 0 | HL261: 1 | HM261: 1 | HN261: -1 | HO261: 1 | HP261: 0 | HQ261: 0 | HR261: 0 | HS261: 0 | HT261: 819 | HU261: 0.005 | HV261: 1 | HW261: 1 | HX261: 1 | HY261: 1 | HZ261: 1638 | IA261: 0.01 | IB261: 0 | IC261: 0 | ID261: 0 | IE261: 0 | IF261: 0 | IG261: 0 | IH261: 0 | II261: 0 | IJ261: 0 | IK261: 0 | IL261: 0 | IM261: 99999999 | IN261: 'L' | IO261: 'L' | IP261: 'L' | IQ261: 'L' | IR261: 'L' | IS261: 'L' | IT261: 'L' | IU261: 'L' | IV261: 0 | IW261: 0 | IX261: 'L' | IY261: 'L' | IZ261: 'L' | JA261: 'L' | JB261: 'L' | JC261: 0 | JD261: 0 | JE261: 0 | JF261: 0 | JG261: 'L' | JH261: 'L' | JI261: 'L' | JJ261: 'L' | JK261: 0 | JL261: 0 | JM261: 0 | JN261: 0 | JO261: 0 | JP261: 0 | JQ261: 0 | JR261: 'L' | JS261: 'L' | JT261: 'L' | JU261: 'L' | JV261: 0 | JW261: 'L' | JX261: 0 | JY261: 0 | JZ261: 'L' | KA261: 0 | KB261: 'L' | KC261: 0 | KD261: 0 | KE261: 0 | KF261: 'L' | KG261: 'L' | KH261: 'L' | KI261: 'L' | KJ261: 'L' | KK261: 'L' | KL261: 'L' | KM261: 'L' | KN261: 'L' | KO261: 'L' | KP261: 'L' | KQ261: 'L' | KR261: 'L' | KS261: 'L' | KT261: 'L' | KU261: 'L' | KV261: 'L' | KW261: 'L' | KX261: 1.8189894e-12 | KY261: 0 | KZ261: 0 | LA261: -1 | LB261: 0 | LC261: 0 | LD261: 0 | LE261: 1.8189894e-12 | LF261: 0 | LG261: 218953 | LH261: 0 | LI261: 1.9705555e-10 | LJ261: 0 | LK261: 0 | LL261: 0 | LM261: 0 | LN261: 0 | LO261: 0 | LP261: 0 | LQ261: 0 | LR261: 0 | LS261: 0 | LT261: 0 | LU261: 0 | LV261: 0 | LW261: 0 | LX261: 0 | LY261: 0 | LZ261: 0 | MA261: 0 | MB261: 0 | MC261: 0 | MD261: 0 | ME261: 0 | MF261: 0 | MG261: -1 | MH261: 0 | MI261: 0 | MJ261: 0 | MK261: 0 | ML261: 0 | MM261: 0 | MN261: 0 | MO261: 0 | MP261: 0 | MQ261: 1 | MR261: 0 | MS261: 0 | MT261: 0 | MU261: 0 | MV261: 0 | MW261: 0 | MX261: 0 | MY261: 0 | MZ261: 0 | NA261: 0 | NB261: 0 | NC261: 0 | ND261: 0 | NE261: 'line']
A262: 260 | B262: 4 | C262: 100 | D262: 0.005 | E262: 1 | F262: 10 | G262: 3 | H262: 0.0333 | I262: 30 | J262: 10 | N262: 9: 'TIME_LIMIT'
A263: 261 | B263: 4 | C263: 100 | D263: 0.005 | E263: 1 | F263: 10 | G263: 2 | H263: 0.0333 | I263: 30 | J263: 50 | K263: 152.274 | L263: 3600.6651 | M263: 0.0058145165 | O263: 81575 | P263: 146615 | Q263: 0 | R263: 0 | S263: 0 | T263: 357385 | U263: 357385 | V263: 0 | W263: 0 | X263: 76421 | Y263: 76421 | Z263: 0 | AA263: 'Platoon_Tree' | AB263: 1 | AC263: 0 | AD263: -915073928 | AE263: 152.274 | AF263: 151.3886 | AG263: 151.3886 | AH263: 151.3886 | AI263: 152.274 | AJ263: 0.0058145165 | AK263: 3600.624 | AL263: 2678.3285 | AM263: 9 | AN263: 10 | AO263: 591018 | AP263: 0 | AQ263: 1 | AR263: 1 | AS263: -1 | AT263: 1 | AU263: 0 | AV263: 0 | AW263: 0 | AX263: 0 | AY263: 819 | AZ263: 0.0185 | BA263: 1 | BB263: 1 | BC263: 1 | BD263: 1 | BE263: 1638 | BF263: 0.01 | BG263: 0 | BH263: 0 | BI263: 0 | BJ263: 0 | BK263: 0 | BL263: 0 | BM263: 0 | BN263: 0 | BO263: 0 | BP263: 0 | BQ263: 0 | BR263: 99999999 | BS263: 'L' | BT263: 'L' | BU263: 'L' | BV263: 'L' | BW263: 'L' | BX263: 'L' | BY263: 'L' | BZ263: 'L' | CA263: 0 | CB263: 0 | CC263: 'L' | CD263: 'L' | CE263: 'L' | CF263: 'L' | CG263: 'L' | CH263: 0 | CI263: 0 | CJ263: 0 | CK263: 0 | CL263: 'L' | CM263: 'L' | CN263: 'L' | CO263: 'L' | CP263: 0 | CQ263: 0 | CR263: 0 | CS263: 0 | CT263: 0 | CU263: 0 | CV263: 0 | CW263: 'L' | CX263: 'L' | CY263: 'L' | CZ263: 'L' | DA263: 0 | DB263: 'L' | DC263: 0 | DD263: 0 | DE263: 'L' | DF263: 0 | DG263: 'L' | DH263: 0 | DI263: 0 | DJ263: 0 | DK263: 'L' | DL263: 'L' | DM263: 'L' | DN263: 'L' | DO263: 'L' | DP263: 'L' | DQ263: 'L' | DR263: 'L' | DS263: 'L' | DT263: 'L' | DU263: 'L' | DV263: 'L' | DW263: 'L' | DX263: 'L' | DY263: 'L' | DZ263: 'L' | EA263: 'L' | EB263: 'L' | EC263: 7.7875484e-12 | ED263: 0 | EE263: 0 | EF263: -1 | EG263: 0 | EH263: 0 | EI263: 0 | EJ263: 7.7875484e-12 | EK263: 0 | EL263: 101546 | EM263: 0 | EN263: 4.9173211e-10 | EO263: 0 | EP263: 0 | EQ263: 0 | ER263: 0 | ES263: 0 | ET263: 0 | EU263: 0 | EV263: 0 | EW263: 0 | EX263: 0 | EY263: 0 | EZ263: 0 | FA263: 0 | FB263: 0 | FC263: 0 | FD263: 0 | FE263: 0 | FF263: 0 | FG263: 0 | FH263: 0 | FI263: 0 | FJ263: 0 | FK263: 0 | FL263: -1 | FM263: 0 | FN263: 0 | FO263: 0 | FP263: 0 | FQ263: 0 | FR263: 0 | FS263: 0 | FT263: 0 | FU263: 0 | FV263: 1 | FW263: 0 | FX263: 0 | FY263: 0 | FZ263: 0 | GA263: 0 | GB263: 0 | GC263: 0 | GD263: 0 | GE263: 0 | GF263: 0 | GG263: 0 | GH263: 0 | GI263: 0 | GJ263: 81575 | GK263: 146615 | GL263: 0 | GM263: 0 | GN263: 0 | GO263: 357385 | GP263: 357385 | GQ263: 0 | GR263: 0 | GS263: 76421 | GT263: 76421 | GU263: 0 | GV263: 'Platoon_Tree' | GW263: 1 | GX263: 0 | GY263: -915073928 | GZ263: 152.274 | HA263: 151.3886 | HB263: 151.3886 | HC263: 151.3886 | HD263: 152.274 | HE263: 0.0058145165 | HF263: 3600.624 | HG263: 2678.3285 | HH263: 9 | HI263: 10 | HJ263: 591018 | HK263: 0 | HL263: 1 | HM263: 1 | HN263: -1 | HO263: 1 | HP263: 0 | HQ263: 0 | HR263: 0 | HS263: 0 | HT263: 819 | HU263: 0.0185 | HV263: 1 | HW263: 1 | HX263: 1 | HY263: 1 | HZ263: 1638 | IA263: 0.01 | IB263: 0 | IC263: 0 | ID263: 0 | IE263: 0 | IF263: 0 | IG263: 0 | IH263: 0 | II263: 0 | IJ263: 0 | IK263: 0 | IL263: 0 | IM263: 99999999 | IN263: 'L' | IO263: 'L' | IP263: 'L' | IQ263: 'L' | IR263: 'L' | IS263: 'L' | IT263: 'L' | IU263: 'L' | IV263: 0 | IW263: 0 | IX263: 'L' | IY263: 'L' | IZ263: 'L' | JA263: 'L' | JB263: 'L' | JC263: 0 | JD263: 0 | JE263: 0 | JF263: 0 | JG263: 'L' | JH263: 'L' | JI263: 'L' | JJ263: 'L' | JK263: 0 | JL263: 0 | JM263: 0 | JN263: 0 | JO263: 0 | JP263: 0 | JQ263: 0 | JR263: 'L' | JS263: 'L' | JT263: 'L' | JU263: 'L' | JV263: 0 | JW263: 'L' | JX263: 0 | JY263: 0 | JZ263: 'L' | KA263: 0 | KB263: 'L' | KC263: 0 | KD263: 0 | KE263: 0 | KF263: 'L' | KG263: 'L' | KH263: 'L' | KI263: 'L' | KJ263: 'L' | KK263: 'L' | KL263: 'L' | KM263: 'L' | KN263: 'L' | KO263: 'L' | KP263: 'L' | KQ263: 'L' | KR263: 'L' | KS263: 'L' | KT263: 'L' | KU263: 'L' | KV263: 'L' | KW263: 'L' | KX263: 7.7875484e-12 | KY263: 0 | KZ263: 0 | LA263: -1 | LB263: 0 | LC263: 0 | LD263: 0 | LE263: 7.7875484e-12 | LF263: 0 | LG263: 101546 | LH263: 0 | LI263: 4.9173211e-10 | LJ263: 0 | LK263: 0 | LL263: 0 | LM263: 0 | LN263: 0 | LO263: 0 | LP263: 0 | LQ263: 0 | LR263: 0 | LS263: 0 | LT263: 0 | LU263: 0 | LV263: 0 | LW263: 0 | LX263: 0 | LY263: 0 | LZ263: 0 | MA263: 0 | MB263: 0 | MC263: 0 | MD263: 0 | ME263: 0 | MF263: 0 | MG263: -1 | MH263: 0 | MI263: 0 | MJ263: 0 | MK263: 0 | ML263: 0 | MM263: 0 | MN263: 0 | MO263: 0 | MP263: 0 | MQ263: 1 | MR263: 0 | MS263: 0 | MT263: 0 | MU263: 0 | MV263: 0 | MW263: 0 | MX263: 0 | MY263: 0 | MZ263: 0 | NA263: 0 | NB263: 0 | NC263: 0 | ND263: 0 | NE263: 'line']
A264: 262 | B264: 4 | C264: 100 | D264: 0.005 | E264: 1 | F264: 10 | G264: 1 | H264: 0.0333 | I264: 30 | J264: 50 | K264: 152.322 | L264: 3600.3101 | M264: 0.0065328771 | O264: 81575 | P264: 146351 | Q264: 0 | R264: 0 | S264: 0 | T264: 354694 | U264: 354694 | V264: 0 | W264: 0 | X264: 76421 | Y264: 76421 | Z264: 0 | AA264: 'Platoon_Tree' | AB264: 1 | AC264: 0 | AD264: 1309339109 | AE264: 152.322 | AF264: 151.3269 | AG264: 151.3269 | AH264: 151.3269 | AI264: 152.322 | AJ264: 0.0065328771 | AK264: 3600.269 | AL264: 3070.518 | AM264: 9 | AN264: 10 | AO264: 686514 | AP264: 0 | AQ264: 1 | AR264: 1 | AS264: -1 | AT264: 1 | AU264: 0 | AV264: 0 | AW264: 0 | AX264: 0 | AY264: 831 | AZ264: 0.0185 | BA264: 1 | BB264: 1 | BC264: 1 | BD264: 1 | BE264: 1662 | BF264: 0.01 | BG264: 0 | BH264: 0 | BI264: 0 | BJ264: 0 | BK264: 0 | BL264: 0 | BM264: 0 | BN264: 0 | BO264: 0 | BP264: 0 | BQ264: 0 | BR264: 99999999 | BS264: 'L' | BT264: 'L' | BU264: 'L' | BV264: 'L' | BW264: 'L' | BX264: 'L' | BY264: 'L' | BZ264: 'L' | CA264: 0 | CB264: 0 | CC264: 'L' | CD264: 'L' | CE264: 'L' | CF264: 'L' | CG264: 'L' | CH264: 0 | CI264: 0 | CJ264: 0 | CK264: 0 | CL264: 'L' | CM264: 'L' | CN264: 'L' | CO264: 'L' | CP264: 0 | CQ264: 0 | CR264: 0 | CS264: 0 | CT264: 0 | CU264: 0 | CV264: 0 | CW264: 'L' | CX264: 'L' | CY264: 'L' | CZ264: 'L' | DA264: 0 | DB264: 'L' | DC264: 0 | DD264: 0 | DE264: 'L' | DF264: 0 | DG264: 'L' | DH264: 0 | DI264: 0 | DJ264: 0 | DK264: 'L' | DL264: 'L' | DM264: 'L' | DN264: 'L' | DO264: 'L' | DP264: 'L' | DQ264: 'L' | DR264: 'L' | DS264: 'L' | DT264: 'L' | DU264: 'L' | DV264: 'L' | DW264: 'L' | DX264: 'L' | DY264: 'L' | DZ264: 'L' | EA264: 'L' | EB264: 'L' | EC264: 2.2737368e-12 | ED264: 0 | EE264: 0 | EF264: -1 | EG264: 0 | EH264: 0 | EI264: 0 | EJ264: 2.2737368e-12 | EK264: 0 | EL264: 136849 | EM264: 0 | EN264: 1.8450629e-10 | EO264: 0 | EP264: 0 | EQ264: 0 | ER264: 0 | ES264: 0 | ET264: 0 | EU264: 0 | EV264: 0 | EW264: 0 | EX264: 0 | EY264: 0 | EZ264: 0 | FA264: 0 | FB264: 0 | FC264: 0 | FD264: 0 | FE264: 0 | FF264: 0 | FG264: 0 | FH264: 0 | FI264: 0 | FJ264: 0 | FK264: 0 | FL264: -1 | FM264: 0 | FN264: 0 | FO264: 0 | FP264: 0 | FQ264: 0 | FR264: 0 | FS264: 0 | FT264: 0 | FU264: 0 | FV264: 1 | FW264: 0 | FX264: 0 | FY264: 0 | FZ264: 0 | GA264: 0 | GB264: 0 | GC264: 0 | GD264: 0 | GE264: 0 | GF264: 0 | GG264: 0 | GH264: 0 | GI264: 0 | GJ264: 81575 | GK264: 146351 | GL264: 0 | GM264: 0 | GN264: 0 | GO264: 354694 | GP264: 354694 | GQ264: 0 | GR264: 0 | GS264: 76421 | GT264: 76421 | GU264: 0 | GV264: 'Platoon_Tree' | GW264: 1 | GX264: 0 | GY264: 1309339109 | GZ264: 152.322 | HA264: 151.3269 | HB264: 151.3269 | HC264: 151.3269 | HD264: 152.322 | HE264: 0.0065328771 | HF264: 3600.269 | HG264: 3070.518 | HH264: 9 | HI264: 10 | HJ264: 686514 | HK264: 0 | HL264: 1 | HM264: 1 | HN264: -1 | HO264: 1 | HP264: 0 | HQ264: 0 | HR264: 0 | HS264: 0 | HT264: 831 | HU264: 0.0185 | HV264: 1 | HW264: 1 | HX264: 1 | HY264: 1 | HZ264: 1662 | IA264: 0.01 | IB264: 0 | IC264: 0 | ID264: 0 | IE264: 0 | IF264: 0 | IG264: 0 | IH264: 0 | II264: 0 | IJ264: 0 | IK264: 0 | IL264: 0 | IM264: 99999999 | IN264: 'L' | IO264: 'L' | IP264: 'L' | IQ264: 'L' | IR264: 'L' | IS264: 'L' | IT264: 'L' | IU264: 'L' | IV264: 0 | IW264: 0 | IX264: 'L' | IY264: 'L' | IZ264: 'L' | JA264: 'L' | JB264: 'L' | JC264: 0 | JD264: 0 | JE264: 0 | JF264: 0 | JG264: 'L' | JH264: 'L' | JI264: 'L' | JJ264: 'L' | JK264: 0 | JL264: 0 | JM264: 0 | JN264: 0 | JO264: 0 | JP264: 0 | JQ264: 0 | JR264: 'L' | JS264: 'L' | JT264: 'L' | JU264: 'L' | JV264: 0 | JW264: 'L' | JX264: 0 | JY264: 0 | JZ264: 'L' | KA264: 0 | KB264: 'L' | KC264: 0 | KD264: 0 | KE264: 0 | KF264: 'L' | KG264: 'L' | KH264: 'L' | KI264: 'L' | KJ264: 'L' | KK264: 'L' | KL264: 'L' | KM264: 'L' | KN264: 'L' | KO264: 'L' | KP264: 'L' | KQ264: 'L' | KR264: 'L' | KS264: 'L' | KT264: 'L' | KU264: 'L' | KV264: 'L' | KW264: 'L' | KX264: 2.2737368e-12 | KY264: 0 | KZ264: 0 | LA264: -1 | LB264: 0 | LC264: 0 | LD264: 0 | LE264: 2.2737368e-12 | LF264: 0 | LG264: 136849 | LH264: 0 | LI264: 1.8450629e-10 | LJ264: 0 | LK264: 0 | LL264: 0 | LM264: 0 | LN264: 0 | LO264: 0 | LP264: 0 | LQ264: 0 | LR264: 0 | LS264: 0 | LT264: 0 | LU264: 0 | LV264: 0 | LW264: 0 | LX264: 0 | LY264: 0 | LZ264: 0 | MA264: 0 | MB264: 0 | MC264: 0 | MD264: 0 | ME264: 0 | MF264: 0 | MG264: -1 | MH264: 0 | MI264: 0 | MJ264: 0 | MK264: 0 | ML264: 0 | MM264: 0 | MN264: 0 | MO264: 0 | MP264: 0 | MQ264: 1 | MR264: 0 | MS264: 0 | MT264: 0 | MU264: 0 | MV264: 0 | MW264: 0 | MX264: 0 | MY264: 0 | MZ264: 0 | NA264: 0 | NB264: 0 | NC264: 0 | ND264: 0 | NE264: 'line']
A265: 263 | B265: 4 | C265: 100 | D265: 0.005 | E265: 1 | F265: 10 | G265: 3 | H265: 0.0333 | I265: 60 | J265: 50 | K265: 151.7705 | L265: 3603.812 | M265: 0.0072037861 | O265: 81575 | P265: 220073 | Q265: 0 | R265: 0 | S265: 0 | T265: 667813 | U265: 667813 | V265: 0 | W265: 0 | X265: 76421 | Y265: 76421 | Z265: 0 | AA265: 'Platoon_Tree' | AB265: 1 | AC265: 0 | AD265: 189456898 | AE265: 151.7705 | AF265: 150.67718 | AG265: 150.67718 | AH265: 150.67718 | AI265: 151.7705 | AJ265: 0.0072037861 | AK265: 3603.735 | AL265: 10238.297 | AM265: 9 | AN265: 10 | AO265: 1422822 | AP265: 0 | AQ265: 673 | AR265: 671 | AS265: -1 | AT265: 1 | AU265: 0 | AV265: 0 | AW265: 0 | AX265: 0 | AY265: 795 | AZ265: 0.0185 | BA265: 1 | BB265: 1 | BC265: 1 | BD265: 1 | BE265: 1590 | BF265: 0.01 | BG265: 0 | BH265: 0 | BI265: 0 | BJ265: 0 | BK265: 0 | BL265: 0 | BM265: 0 | BN265: 0 | BO265: 0 | BP265: 0 | BQ265: 0 | BR265: 99999999 | BS265: 'L' | BT265: 'L' | BU265: 'L' | BV265: 'L' | BW265: 'L' | BX265: 'L' | BY265: 'L' | BZ265: 'L' | CA265: 0 | CB265: 0 | CC265: 'L' | CD265: 'L' | CE265: 'L' | CF265: 'L' | CG265: 'L' | CH265: 0 | CI265: 0 | CJ265: 0 | CK265: 0 | CL265: 'L' | CM265: 'L' | CN265: 'L' | CO265: 'L' | CP265: 0 | CQ265: 0 | CR265: 0 | CS265: 0 | CT265: 0 | CU265: 0 | CV265: 0 | CW265: 'L' | CX265: 'L' | CY265: 'L' | CZ265: 'L' | DA265: 0 | DB265: 'L' | DC265: 0 | DD265: 0 | DE265: 'L' | DF265: 0 | DG265: 'L' | DH265: 0 | DI265: 0 | DJ265: 0 | DK265: 'L' | DL265: 'L' | DM265: 'L' | DN265: 'L' | DO265: 'L' | DP265: 'L' | DQ265: 'L' | DR265: 'L' | DS265: 'L' | DT265: 'L' | DU265: 'L' | DV265: 'L' | DW265: 'L' | DX265: 'L' | DY265: 'L' | DZ265: 'L' | EA265: 'L' | EB265: 'L' | EC265: 2.6147973e-12 | ED265: 0 | EE265: 0 | EF265: -1 | EG265: 0 | EH265: 0 | EI265: 0 | EJ265: 2.6147973e-12 | EK265: 0 | EL265: 130442 | EM265: 0 | EN265: 1.0515422e-10 | EO265: 0 | EP265: 0 | EQ265: 0 | ER265: 0 | ES265: 0 | ET265: 0 | EU265: 0 | EV265: 0 | EW265: 0 | EX265: 0 | EY265: 0 | EZ265: 0 | FA265: 0 | FB265: 0 | FC265: 0 | FD265: 0 | FE265: 0 | FF265: 0 | FG265: 0 | FH265: 0 | FI265: 0 | FJ265: 0 | FK265: 0 | FL265: -1 | FM265: 0 | FN265: 0 | FO265: 0 | FP265: 0 | FQ265: 0 | FR265: 0 | FS265: 0 | FT265: 0 | FU265: 0 | FV265: 1 | FW265: 0 | FX265: 0 | FY265: 0 | FZ265: 0 | GA265: 0 | GB265: 0 | GC265: 0 | GD265: 0 | GE265: 0 | GF265: 0 | GG265: 0 | GH265: 0 | GI265: 0 | GJ265: 81575 | GK265: 220073 | GL265: 0 | GM265: 0 | GN265: 0 | GO265: 667813 | GP265: 667813 | GQ265: 0 | GR265: 0 | GS265: 76421 | GT265: 76421 | GU265: 0 | GV265: 'Platoon_Tree' | GW265: 1 | GX265: 0 | GY265: 189456898 | GZ265: 151.7705 | HA265: 150.67718 | HB265: 150.67718 | HC265: 150.67718 | HD265: 151.7705 | HE265: 0.0072037861 | HF265: 3603.735 | HG265: 10238.297 | HH265: 9 | HI265: 10 | HJ265: 1422822 | HK265: 0 | HL265: 673 | HM265: 671 | HN265: -1 | HO265: 1 | HP265: 0 | HQ265: 0 | HR265: 0 | HS265: 0 | HT265: 795 | HU265: 0.0185 | HV265: 1 | HW265: 1 | HX265: 1 | HY265: 1 | HZ265: 1590 | IA265: 0.01 | IB265: 0 | IC265: 0 | ID265: 0 | IE265: 0 | IF265: 0 | IG265: 0 | IH265: 0 | II265: 0 | IJ265: 0 | IK265: 0 | IL265: 0 | IM265: 99999999 | IN265: 'L' | IO265: 'L' | IP265: 'L' | IQ265: 'L' | IR265: 'L' | IS265: 'L' | IT265: 'L' | IU265: 'L' | IV265: 0 | IW265: 0 | IX265: 'L' | IY265: 'L' | IZ265: 'L' | JA265: 'L' | JB265: 'L' | JC265: 0 | JD265: 0 | JE265: 0 | JF265: 0 | JG265: 'L' | JH265: 'L' | JI265: 'L' | JJ265: 'L' | JK265: 0 | JL265: 0 | JM265: 0 | JN265: 0 | JO265: 0 | JP265: 0 | JQ265: 0 | JR265: 'L' | JS265: 'L' | JT265: 'L' | JU265: 'L' | JV265: 0 | JW265: 'L' | JX265: 0 | JY265: 0 | JZ265: 'L' | KA265: 0 | KB265: 'L' | KC265: 0 | KD265: 0 | KE265: 0 | KF265: 'L' | KG265: 'L' | KH265: 'L' | KI265: 'L' | KJ265: 'L' | KK265: 'L' | KL265: 'L' | KM265: 'L' | KN265: 'L' | KO265: 'L' | KP265: 'L' | KQ265: 'L' | KR265: 'L' | KS265: 'L' | KT265: 'L' | KU265: 'L' | KV265: 'L' | KW265: 'L' | KX265: 2.6147973e-12 | KY265: 0 | KZ265: 0 | LA265: -1 | LB265: 0 | LC265: 0 | LD265: 0 | LE265: 2.6147973e-12 | LF265: 0 | LG265: 130442 | LH265: 0 | LI265: 1.0515422e-10 | LJ265: 0 | LK265: 0 | LL265: 0 | LM265: 0 | LN265: 0 | LO265: 0 | LP265: 0 | LQ265: 0 | LR265: 0 | LS265: 0 | LT265: 0 | LU265: 0 | LV265: 0 | LW265: 0 | LX265: 0 | LY265: 0 | LZ265: 0 | MA265: 0 | MB265: 0 | MC265: 0 | MD265: 0 | ME265: 0 | MF265: 0 | MG265: -1 | MH265: 0 | MI265: 0 | MJ265: 0 | MK265: 0 | ML265: 0 | MM265: 0 | MN265: 0 | MO265: 0 | MP265: 0 | MQ265: 1 | MR265: 0 | MS265: 0 | MT265: 0 | MU265: 0 | MV265: 0 | MW265: 0 | MX265: 0 | MY265: 0 | MZ265: 0 | NA265: 0 | NB265: 0 | NC265: 0 | ND265: 0 | NE265: 'line']
